"pattern","ctimes"
"arg1","1734"
"'/\\.(?![^.]*$)/'","156"
"'AppleWebKit\\/(\\d+)'","136"
"'.*rlen=([0-9]+)'","125"
"'<([^>]*)>: \\[0x([0-9a-f]+)-0x([0-9a-f]+)\\]'","125"
"'\nmd5_data = {\n([^}]+)}'","125"
"'(?u)/\\\\|\\/|\\||\\:|\\?|\\*|""|<|>|[^\\u0000-\\u001f\\u007f-\\u009f]/'","109"
"'(?u)\\.|\\\\|\\/|\\||\\:|\\?|\\*|""|<|>|[^\\u0000-\\u001f\\u007f-\\u009f]'","109"
"'([a-z])([A-Z])'","101"
"'\\s+'","100"
"'[a-zA-Z_]\\w*'","96"
"'(.*?)\\s+<(.*)>'","94"
"'[a-zA-Z0-9]+'","93"
"'^\\((.*?)\\)'","93"
"'[a-zA-Z][-_.:a-zA-Z0-9]*'","87"
"'_'","78"
"'(<[^<>]*)/>'","73"
"'([\x80-\x9f])'","73"
"'<!\\s+([^<>]*)>'","73"
"'((^|;)\\s*charset=)([^;]*)'","72"
"'^<\\?.*encoding=[\'""](.*?)[\'""].*\\?>'","72"
"'AJS =(.|\n)*\n}\n'","68"
"'AJS.Class =(.|\n)*\n};\n'","68"
"'AJSDeferred =(.|\n)*\n};\n'","68"
"'AJS\\.([\\w_$]*?)(?:\\(|,|\\.)'","68"
"'AJS\\.([\\w_$]*?)\\('","68"
"'\\s+((\\w*?):.*?{(.|\n)*?\n\\s*})(,|\n+})\n'","68"
"'^frugalware-'","66"
"'vector<(.*)>'","66"
"'^[^(]*'","65"
"'\\W'","63"
"'(^|\\s+|[^\\\\])@([a-zA-Z_][a-zA-Z0-9_]*)'","62"
"'[_a-zA-Z][_a-zA-Z\\d]*$'","62"
"'^((-){80}|)$'","62"
"'^[ \t]*$'","62"
"'^[0-9a-f]{40}$'","62"
"'^(\\d:)?(\\S+)-(\\S+)$'","60"
"'^ *.* => (.*) \\(.*'","58"
"'&(#\\d+|#x[0-9a-fA-F]+|\\w+);'","55"
"'@([^@]*)@'","53"
"'^(.+)$'","52"
"'^\\s*\\/\\/'","52"
"'^[ \\t]*$'","48"
"'/\\\\|\\/|\\||\\:|\\?|\\*/'","47"
"'\\.|\\\\|\\/|\\||\\:|\\?|\\*'","47"
"'\\d+'","38"
"'^\\d+$'","38"
"'<title>(.*)</title>'","35"
"'^\\s+'","35"
"'""'","34"
"'^\\s*[#*=]{4,}\\n[a-z0-9 -]+\\n[#*=]{4,}\\s*'","34"
"'<!--.*?-->'","33"
"'([^\n])\n([^\n])'","32"
"'/.*'","32"
"': *'","32"
"'[&?]acl($|=|&)'","32"
"'[&?]logging($|=|&)'","32"
"'[&?]torrent($|=|&)'","32"
"'\\| _(\\S*funambolAutoRegisterRegistry\\S*)'","32"
"'^###.*'","32"
"'^(.*\\s+)?(.*?)(\\(.*)?'","32"
"'^s3:\\/\\/([^\\/]*)\\/(.*)$'","32"
"""('.')\\s*(.*)""","31"
"""('|\x00|%)""","31"
"""^.*[$ \t'].*$""","31"
"'%(..)'","31"
"'&#([0-9]+)[^0-9]'","31"
"'&([a-zA-Z][a-zA-Z0-9]*)[^a-zA-Z0-9]'","31"
"'&([a-zA-Z][a-zA-Z0-9]*|#[0-9]*)?|<([a-zA-Z][^<>]*|/([a-zA-Z][^<>]*)?|![^<>]*)?'","31"
"'(....)-(..)-(..)T(..):(..):(..)....([+-])(..):(..)'","31"
"'(....)-(..)-(..)T(..):(..):(..)....Z'","31"
"'(0x\\w+)\\s*(.*)'","31"
"'(?:http://)?(?:(?P<user>\\w+):(?P<pass>.*)@)?(?P<host>[\\w\\-\\.]+)(?::(?P<port>\\d+))?'","31"
"'(?P<who>[ugo]+)(?P<op>[-+])(?P<what>[rwx]+)$'","31"
"'(\\$\\([^\\)]*\\))'","31"
"'(\\(.*\\)) ""([^""])"" ""([^""]+)""'","31"
"'(\\S+):\\s*(.+)'","31"
"'(\\w+)\\s*(.*)'","31"
"'(^|\\s+|[^\\\\])@'","31"
"'(arguments|input):\\s*(.+)'","31"
"'(return|returns):\\s*(.+)'","31"
"'--[ \t\n]*>'","31"
"'-I(\\S+)'","31"
"'-L(\\S+)'","31"
"'-O[^ ]*'","31"
"'-l(\\S+)'","31"
"'.*/(\\w+).kcm'","31"
"'.. \\[([a-z0-9._-]+)\\]'","31"
"'/\\*(.*)'","31"
"'<!--'","31"
"'<![^<>]*>'","31"
"'<([a-zA-Z][a-zA-Z0-9]*)/([^/]*)/'","31"
"'</[<>a-zA-Z]'","31"
"'<[>a-zA-Z]'","31"
"'<[^!][^>]*?>'","31"
"'<[a-zA-Z][a-zA-Z0-9]*/'","31"
"'<\\?.+?\\?>'","31"
"'DTSTART:(.*)'","31"
"'DTSTART;TZID=(.*):(.*)'","31"
"'DURATION:(.*)'","31"
"'File (.*) changed from revision (.*) to (.*)'","31"
"'File (.*) is new; current revision (.*)'","31"
"'File (.*) is removed;'","31"
"'RRULE:(.*)'","31"
"'[ \\*]*(.+)'","31"
"'[ \t\n]*([a-zA-Z_][-.a-zA-Z_0-9]*)([ \t\n]*=[ \t\n]*(\\\'[^\\\']*\\\'|""[^""]*""|[^ \\t\\n]*))?'","31"
"'[&<]'","31"
"'[&?]location($|=|&)'","31"
"'[&?]requestPayment($|=|&)'","31"
"'[&?]versionId=([^&]+)($|=|&)'","31"
"'[&?]versioning($|=|&)'","31"
"'[&?]versions($|=|&)'","31"
"'[0-9]{4}/[10]?[0-9]/[0-3]?[0-9]'","31"
"'[<>]'","31"
"'[\r\n\t ]+$'","31"
"'[^#]*(\\S+)([ \\*]+)(\\S+)\\s*\\([^\\)]*'","31"
"'[^#]*(\\S+)([ \\*]+)(\\S+)\\s*\\([^\\)]*\\);'","31"
"'[a-zA-Z][a-zA-Z0-9]*'","31"
"'\\.zip\\Z'","31"
"'\\\\@'","31"
"'\\s*#\\s*define (\\S+) (.*)'","31"
"'\\s*([a-zA-Z_][-.a-zA-Z_0-9]*)(\\s*=\\s*(\\\'[^\\\']*\\\'|""[^""]*""|[^ \\t\\n<>]*))?'","31"
"'^#?\\s*project\\s*([^\\s]+)/:$'","31"
"'^((?:http://)?(?:\\w+\\.)?nicovideo\\.jp/(?:v/|(?:watch(?:\\.php)?))?/(\\w+))'","31"
"'^(.*) <([^>]*)> '","31"
"'^(?P<start>\\s*)(?P<xy>[x|y]\\s+)(?P<num>\\d+)(?P<end>\\s*)$'","31"
"'^([1-9][0-9]*)(?:[/\\.-]([1-9][0-9]*))?$'","31"
"'^([\\w., ]+=)?\\s*[\\w\\.]+\\(.*\\)$'","31"
"'^([^@:]*@?[^:/]{1,}):'","31"
"'^([a-z][a-z+]*)://([^@/]*@?[^/]*)/'","31"
"'^.*-[0-9]{1,}-g[0-9a-f]{1,}$'","31"
"'^.. \\[([a-z0-9_.-])\\]'","31"
"'^VERSION *='","31"
"'^[a-z0-9A-Z_/\\.-]+$'","31"
"'^\\n?([^\\n]{1,})\\n([=~-]{2,})$'","31"
"'^\\s*(:(?P<role>\\w+):`(?P<name>[a-zA-Z0-9_.-]+)`| (?P<name2>[a-zA-Z0-9_.-]+))\\s*'","31"
"'^\\s*(?:[87][- ]?[- \\(]?[0-9]{3}[- \\)]?[- ]?)?[0-9]{3}[- ]?[0-9]{2}[- ]?[0-9]{2}\\s*$'","31"
"'^\\s*(?P<keyword>[\\w-]+)\\s+{\\s*$'","31"
"'^\\s*[-_a-z0-9.]+@[-_a-z0-9.]+\\.\\w+\\s*$'","31"
"'^\\s*branch\\s*([^\\s(]+)\\s*\\(.*'","31"
"'^\\w+\\s*\\*?\\s*$'","31"
"'^http://.*\\.nicovideo\\.jp/smile\\?(.*?)=.*'","31"
"'^iconState[0-9]*'","31"
"'^show_friend.pl'","31"
"'^}\\s+(\\w+)\\s*;'","31"
"'date: ([^; ]*) ([^;]*);  author: ([^;]*);'","31"
"'description:\\s*(.+)'","31"
"'function:\\s*(\\S+)(.*)'","31"
"'output:\\s*(.+)'","31"
"'tmpl/[^ ]*_js.cs'","31"
"'typedef (\\S+) (.*)'","31"
"'url[=](http[^&]*)'","31"
"u'\\t+'","31"
"u'id=(\\d*)'","31"
"'---'","30"
"'^([0-7]+) ([0-9a-f]{40}) ([1-3])\\t(.*)$'","30"
"'^([0-7]+) (\\S+) ([0-9a-f]{40})\\t(.*)$'","30"
"'^/([^/]+)(?:/(.*))?'","30"
"'^\\s*Change-Id: I([0-9a-f]{40})\\s*$'","30"
"'{project_vsn, ""(.+)""}'","30"
"'<'","29"
"'Event\\.(?P<n>\\d+)\\.(?P<param>\\w+)'","29"
"'[ \t]+RPATH[ \t]*(.*)'","29"
"'^/lib/.*$|^/usr/lib/.*$'","29"
"'^/usr/lib/.*$'","29"
"'^\\t* *.*=>\\t* (.*)'","29"
"'^libc\\.|^librt\\.|^libcrypt\\.|^libm\\.|^libdl\\.|^libpthread\\.|^libnsl\\.|^libutil\\.|^libresolv\\.|^ld-linux\\.|^ld-linux-'","29"
"'>'","28"
"'[0-9]'","28"
"'^\\s*>>>'","28"
"' <([^>]+)> *$'","27"
"'([0-9a-f]+) <([^>]+)>:'","27"
"'([^+]+)\\+[0-9a-fx]+'","27"
"'--'","27"
"'T ([^ \n]+)$'","27"
"'[-_][a-z]'","27"
"'\\n{2,}'","27"
"'^(\\/[^:].*):[0-9]+$'","27"
"'^\\s*(>>>|\\.\\.\\.) (.*)$'","27"
"'purple_signal_register[^;]+""([\\w\\-]+)""[^;]+(purple_marshal_\\w+)[^;]+;'","27"
"""^var _escape\\='<script>(.*)<\\/script>'""","26"
"""}\\('(.*)', *(\\d+), *(\\d+), *'(.*)'\\.split\\('\\|'\\), *(\\d+), *(.*)\\)\\)""","26"
"'[Ee]'","26"
"'\\b\\w+\\b'","26"
"'^[a-zA-Z][a-zA-Z0-9_]*$'","26"
"'^\\s*\\/\\*'","26"
"'^var _0x[a-f0-9]+ ?\\= ?\\['","26"
"'eval\\(\\w+\\(\\w+\\((\\w+)\\)\\)\\);'","26"
"'var (_0x[a-f\\d]+) ?\\= ?\\[(.*?)\\];'","26"
"'var *(_\\w+)\\=\\[""(.*?)""\\];'","26"
"""'""","25"
"'<(\\/?)(!\\[CDATA\\[[\\s\\S]*?\\]\\]|[-a-zA-Z:0-9_.]+|\\{[^{}]*\\})\\s*([-a-zA-Z:0-9_.]+=(\\{[^{}]*\\}|""[^""]*""|\'[^\']*\')\\s*)*(\\/?)\\s*>'","25"
"'[+-]'","25"
"'[0123456789abcdefABCDEF]'","25"
"'[Xx]'","25"
"'[^\\w\\-]'","25"
"'^<(!\\[CDATA\\[[\\s\\S]*?\\]\\]|[-a-zA-Z:0-9_.]+|\\{[^{}]*\\})\\s*([-a-zA-Z:0-9_.]+=(\\{[^{}]*\\}|""[^""]*""|\'[^\']*\')\\s*)*\\/?\\s*>'","25"
"'(/\\*\\*)(.*?)(\\*/)([\\s\n]*[^\\/\n]*)?|("".*?"")'","24"
"'(\\(|\\)|\\s+)'","24"
"'(\\/[^\\s\\/\\*][^\\n]*\\/)'","24"
"'(\\\'.*?(?<=[^\\\\])\\\')|(\\"".*?(?<=[^\\\\])\\"")'","24"
"'[\\_\\-\\.]'","24"
"'\\.egg.*$'","24"
"'\\s*?(var|function)?\\s*?(\\w+)\\s*?[=:]\\s*?(function)?.*'","24"
"'\\s+(get|set)\\s+(\\w+)\\s*\\(([^)]*)\\)'","24"
"'\n'","24"
"'^[\\s|\\*|\n]*'","24"
"'^\\s*?(.*?)\\{(.*)\\}(.*)|^\\s*?(\\w+)(.*)'","24"
"'^\\s*?([^\\s]+)(.*)'","24"
"'^\\s?(@\\w\\w*)'","24"
"'fileset.*SRC_DIR.*includes=""([^""]+)""'","24"
"'target name=""([^""]+)""'","24"
"'~~~(\\d+)~~~'","24"
"'([a-z0-9_, ]*) \\(([a-z0-9_, ]*)\\)(?: => ([a-z0-9_, ]*))?'","23"
"'^#date\\s+(.+)$'","23"
"'^#import[\\s\t]*([^\\s^\t]*)[\\s\t]*$'","23"
"'^([0-9]{4})-([0-1][0-9])-([0-3][0-9])(-([0-2][0-9])-([0-5][0-9]))? +(.*)$'","23"
"'^\\s*#\\s*define\\s+([A-Za-z0-9_]+)\\s+.*?([0-9]+)'","23"
"''","22"
"'[\t ]+\n'","22"
"'^(.+?)(\\.muse)?$'","22"
"'^([A-Z]\\w+[A-Z]+\\w+)'","22"
"'^.+@[^\\.].*\\.[a-z]{2,}$'","22"
"'^[a-zA-z]+:\\/\\/[^\\s].*'","22"
"'^\\s*$'","22"
"'\\S'","21"
"'^[ \\t]+$'","21"
"'^[0-9A-F]+$'","21"
"'    git-svn-id:'","20"
"' \\| '","20"
"':   '","20"
"': '","20"
"'Author:'","20"
"'Date:'","20"
"'Signed-off-by'","20"
"'files changed'","20"
"None","19"
"'/Python(?:-32|-64)*$'","18"
"'[\\s]+'","18"
"'\\.json$'","18"
"'^/([-._a-z0-9]*)/([-._a-z0-9]+)$'","18"
"'^\\w+:'","18"
"'(.+):(\\d+)'","17"
"':[\\s]+'","17"
"'[^a-z]'","17"
"'^([^:]+):\\s+(.+)\\s*$'","17"
"'^(__\\w+__)\\s*=\\s*[\\\'""]([^\\\'""]*)[\\\'""]'","17"
"'^\\w+$'","17"
"'as (\\w+)'","17"
"' *([^\\s]+) *\\t *([\\x00-\\xff]{3}) *\\t *[^\\s]+ *$'","16"
"' *[^\\s]+ *\\t *[^\\s]+ *$'","16"
"'$'","16"
"'&'","16"
"'(.*)###(.*)###(.*)'","16"
"'(.*)@@@(.*)'","16"
"'(.*)\\t(.*)'","16"
"'(.*)\\t(.*)\\t(.*)'","16"
"'([^\\t]+)\\t([^\\t]+)\\t([^t]+)(\\t.*)?$'","16"
"'.*\\((.*)\\)'","16"
"'.*\\.bz2'","16"
"'<!((?!DOCTYPE|--|\\[))'","16"
"'<.+?>'","16"
"'<\\?.*\\?>\\n'","16"
"'Not Found'","16"
"'[A-Z]{2,}'","16"
"'[^\\t]*=[^\\t]*'","16"
"'[^\\w-]+'","16"
"'[a-zA-Z][-_.a-zA-Z0-9:]*\\s*'","16"
"'[a-z]+[1-5]'","16"
"'\\d+\\.?\\d*'","16"
"'^#.*'","16"
"'^[^ ]+ +[^ ]+ +SECT[^ ]+ +[^ ]+ +External +\\| +(\\?[^?][^ ]*)(.*)\\n'","16"
"'^[^ ]+ +[^ ]+ +SECT[^ ]+ +[^ ]+ +\\(\\) +External +\\| +(\\?[^ ]*)(.*)\\n'","16"
"'android\\.R\\.[a-z]+'","16"
"'c([ea])(\\d):(.*)'","16"
"'deleting destructor[^(]+\\(unsigned int\\)|anonymous namespace'","16"
"'on[A-Z][a-z]*'","16"
"'p(-{0,1}\\d)(-{0,1}\\d)'","16"
"'&(?!#?[xX]?(?:[0-9a-fA-F]+|\\w+);)'","15"
"'([<>]|&(?![^\\s]+;))'","15"
"'(\\s*<pre>.+?</pre>)'","15"
"'<(?![a-z/?\\$!])'","15"
"'<([^<\\s]+?)\\s*/>'","15"
"'[\\?\\&]gsessionid=(\\w*)'","15"
"'\\$Rev[^\\$]*\\$'","15"
"'\\(.*?\\)'","15"
"'\\(\\?P(<\\w+>).+?\\)'","15"
"'\\.pyc$'","15"
"'\\w+'","15"
"'\\{@([^\\}]*)=([^\\}]*)}'","15"
"'^([-]*)$|^([=]*)$'","15"
"'^INSTRUMENTATION_STATUS_CODE: -1'","15"
"'^OK \\([0-9]+ tests?\\)'","15"
"'^loki-.+\\.tar(\\.(gz|bz2))?$'","15"
"'^pip-.*(zip|tar.gz|tar.bz2|tgz|tbz)$'","15"
"'<!'","14"
"'@(\\w+)'","14"
"'\\* +(.+) +translation'","14"
"'^$'","14"
"'^[ ]{0,2}([ ]?\\*[ ]?){3,}[ \\t]*$'","14"
"'^\\s*(<[^>]+>)+([^<>]*)(<[^>]+>)*$'","14"
"'&#(x?[0-9A-Fa-f]+)[^0-9A-Fa-f]'","13"
"'(([a-zA-Z0-9\\_\\-\\.\\+]+)@((\\[[0-9]{1,3}\\.[0-9]{1,3}\\.[0-9]{1,3}\\.)|(([a-zA-Z0-9\\-]+\\.)+))([a-zA-Z]{2,4}|[0-9]{1,3})(\\]?))'","13"
"'<[^>]*?>'","13"
"'<link rel=""icon"" href=""([^""]+)"".*/?>'","13"
"'<link rel=""pavatar"" href=""([^""]+)"" ?/?>'","13"
"'[ ,]+'","13"
"'\\*\\*(?=\\S)(.+?[*_]*)(?<=\\S)\\*\\*'","13"
"'\\./(.*)'","13"
"'\\\\\\\\'","13"
"'\\w+$'","13"
"'^ *#include ""(.*)""'","13"
"'^([A-Za-z][A-Za-z0-9+-.]*://)(/*)(.*?)'","13"
"'experimental'","13"
"'realm=""([^""]*)""'","13"
"'test'","13"
"'  +'","12"
"'#([a-zA-Z0-9\\-]+) (.*)'","12"
"'&(?!\\#)'","12"
"'(<form\\W[^>]*\\bmethod=(\\\'|""|)POST(\\\'|""|)\\b[^>]*>)'","12"
"'([+-]?[\\d\\.]+)(\\S+)'","12"
"'(\\(|\\)|\\s+|-)'","12"
"'<\\s*meta[^>]+charset=([^>]*?)[;\'"">]'","12"
"'[-/\\.]'","12"
"'[-\\.]'","12"
"'[a-zA-Z][-_.:a-zA-Z0-9]*\\s*'","12"
"'\\W+'","12"
"'\\\\..'","12"
"'\\s'","12"
"'\\s*\\{\\s*""(?P<name>[^""]*)"",\\s*(?P<type>PT_[A-Z]*),\\s*(?P<value>(?:0|ucp_[A-Za-z_]*))\\s*},?\\s*$'","12"
"'^ +\\(.*\\)$'","12"
"'^(([^:/?#]+):)?(//([^/?#]*))?([^?#]*)(\\?([^#]*))?(#(.*))?'","12"
"'^(-?\\d+)(\\d{3})'","12"
"'^(> )+'","12"
"'^(?:1-?)?(\\d{3})[-\\.]?(\\d{3})[-\\.]?(\\d{4})$'","12"
"'^(\\d{10})$'","12"
"'^(\\d{2})[-\\.]?(\\d{4})[-\\.]?(\\d{4})$'","12"
"'^(\\d{3})-(\\d{3})-(\\d{3})$'","12"
"'^[012TF\\*]{9}$'","12"
"'^[a-fA-F0-9]{40}$'","12"
"'const ucp_type_table _pcre_utt\\[] = {'","12"
"'http://\\S+'","12"
"'t[gx]z$'","12"
"'};'","12"
"'(?P<prefix>[+-])(?P<hours>[0-9]{2}).(?P<minutes>[0-9]{2})'","11"
"'(?P<year>[0-9]{4})(-(?P<month>[0-9]{1,2})(-(?P<day>[0-9]{1,2})((?P<separator>.)(?P<hour>[0-9]{2}):(?P<minute>[0-9]{2})(:(?P<second>[0-9]{2})(\\.(?P<fraction>[0-9]+))?)?(?P<timezone>Z|(([-+])([0-9]{2}):([0-9]{2})))?)?)?)?'","11"
"'(Changed|Untracked)'","11"
"'([ ]+)\t'","11"
"'([0-9a-f][0-9a-f]-){5}[0-9a-f][0-9a-f]'","11"
"'.+SPHEROID\\[\\""(?P<name>.+)\\"",(?P<major>\\d+(\\.\\d+)?),(?P<flattening>\\d{3}\\.\\d+),'","11"
"'.+UNIT ?\\[""(?P<unit_name>[\\w \\\'\\(\\)]+)"", ?(?P<unit>[\\d\\.]+)(,AUTHORITY\\[""(?P<unit_auth_name>[\\w \\\'\\(\\)]+)"",""(?P<unit_auth_val>\\d+)""\\])?\\]([\\w ]+)?(,AUTHORITY\\[""(?P<auth_name>[\\w \\\'\\(\\)]+)"",""(?P<auth_val>\\d+)""\\])?\\]$'","11"
"'[ ]+\t'","11"
"'[A-Za-z]'","11"
"'[a-z]+'","11"
"'\\\\(.)'","11"
"'^(?P<major>\\d)\\.(?P<minor1>\\d)\\.(?P<minor2>\\d+)'","11"
"'^\\#define'","11"
"'^\\#endif'","11"
"'^\\#ifndef'","11"
"'^\\w+://'","11"
"'`'","11"
"""^[a-z0-9!#$%&'*+/=?^_`{|}~-]+(?:\\.[a-z0-9!#$%&'*+/=?^_`{|}~-]+)*@(?:[a-z0-9](?:[a-z0-9-]*[a-z0-9])?\\.)+[a-z0-9](?:[a-z0-9-]*[a-z0-9])?$""","10"
"'(.+)\\(.*\\)'","10"
"'(?:\\r\\n)?[ \\t]+'","10"
"'([0-9]+):([0-9]+)'","10"
"'<(/)?(?:pre|code|kbd|script|math)[^>]*>'","10"
"'<.*?>'","10"
"'<gml:Point srsName=""SDO:4326"" xmlns:gml=""http://www.opengis.net/gml""><gml:coordinates decimal=""\\."" cs="","" ts="" "">-104.60925199\\d+,38.25500\\d+ </gml:coordinates></gml:Point>'","10"
"'[?/:|]+'","10"
"'[^\\w\\s-]'","10"
"'\\\\'","10"
"'\\s*#'","10"
"'\r(?!\n)|(?<!\r)\n'","10"
"'^(?:\\s*(?:,\\s*)?([^ \\t\\r\\n=]+)\\s*=\\s*\\""?((?<=\\"")(?:[^\\\\\\""]|\\\\.)*?(?=\\"")|(?<!\\"")[^ \\t\\r\\n,]+(?!\\""))\\""?)(.*)$'","10"
"'^(?:\\s*(?:,\\s*)?([^\\0-\\x1f\\x7f-\\xff()<>@,;:\\\\\\""/[\\]?={} \\t]+)\\s*=\\s*\\""?((?<=\\"")(?:[^\\0-\\x08\\x0A-\\x1f\\x7f-\\xff\\\\\\""]|\\\\[\\0-\\x7f])*?(?=\\"")|(?<!\\"")[^\\0-\\x1f\\x7f-\\xff()<>@,;:\\\\\\""/[\\]?={} \\t]+(?!\\""))\\""?)(.*)$'","10"
"'^(?P<type>POINT|LINESTRING|LINEARRING|POLYGON|MULTIPOINT|MULTILINESTRING|MULTIPOLYGON|GEOMETRYCOLLECTION)[ACEGIMLONPSRUTY\\d,\\.\\-\\(\\) ]+$'","10"
"'^(?P<type>[A-Z]+) ?\\('","10"
"'^(?P<version>\\d+\\.\\d+\\.\\d+)(rc(?P<release_candidate>\\d+))?-CAPI-(?P<capi_version>\\d+\\.\\d+\\.\\d+)$'","10"
"'^(?P<w>\\d\\d?\\d?)\\.(?P<x>\\d\\d?\\d?)\\.(?P<y>\\d\\d?\\d?)\\.(?P<z>\\d\\d?\\d?)$'","10"
"'^(EPSG:)?(?P<epsg>\\d+)$'","10"
"'^(SRID=(?P<srid>\\d+);)?(?P<wkt>(POINT|LINESTRING|LINEARRING|POLYGON|MULTIPOINT|MULTILINESTRING|MULTIPOLYGON|GEOMETRYCOLLECTION)[ACEGIMLONPSRUTY\\d,\\.\\-\\(\\) ]+)$'","10"
"'^GEO-\\d{3}FREE'","10"
"'^GEO-\\d{3}LITE'","10"
"'^[a-f0-9]{40}$'","10"
"'^[a-zA-Z0-9+\\(\\);.$][a-zA-Z0-9+\\(\\);.$-]{0,199}$'","10"
"'^\\+proj'","10"
"'def (test[a-zA-Z0-9_]*)\\('","10"
"""''""","9"
"""\\\\'""","9"
"""\\b'(?=\\d{2}s)""","9"
"""\n        (                           # Wrap whole match in \\1\n          (\n            ^[ \\t]*>[ \\t]?          # '>' at the start of a line\n              .+\\n                  # rest of the first line\n            (.+\\n)*                 # subsequent consecutive lines\n            \\n*                     # blanks\n          )+\n        )\n        ""","9"
"' {2,}\\n'","9"
"'""\'(?=\\w)'","9"
"'&#8211;'","9"
"'&#8212;'","9"
"'&#8216;'","9"
"'&#8217;'","9"
"'&#8220;'","9"
"'&#8221;'","9"
"'&#8230;'","9"
"'&quot;'","9"
"'(.*?)\\t'","9"
"'(/\\.)|(//)|([\\\\:\\*\\?\\""""\\<\\>\\|]|[\x00-\x1f]|[\x7f-\x9f])'","9"
"'(?m)^  '","9"
"'(?m)^'","9"
"'([^<]*)(<[^>]*>)'","9"
"'(\\*\\*|__)(?=\\S)(.+?[*_]*)(?<=\\S)\\1'","9"
"'(\\*|_)(?=\\S)(.+?)(?<=\\S)\\1'","9"
"'(^[-!#$%&\'*+/=?^_`{}|~0-9A-Z]+(\\.[-!#$%&\'*+/=?^_`{}|~0-9A-Z]+)*|^""([\\001-\\010\\013\\014\\016-\\037!#-\\[\\]-\\177]|\\\\[\\001-\\011\\013\\014\\016-\\177])*"")@(?:[A-Z0-9-]+\\.)+[A-Z]{2,6}$'","9"
"'-\\*-\\s*([^\\r\\n]*?)\\s*-\\*-'","9"
"'/\\*.*?\\*/'","9"
"'<((https?|ftp):[^\\\'"">\\s]+)>'","9"
"'[&<>\\""\\x80-\\xff]+'","9"
"'[,;: ]+'","9"
"'[\\x80-\\xff]'","9"
"'[^A-Z]'","9"
"'\'""(?=\\w)'","9"
"'\\*(?=\\S)(.+?)(?<=\\S)\\*'","9"
"'\\. \\. \\.'","9"
"'\\.(?![^.]*$)'","9"
"'\\.\\.\\.'","9"
"'\\.|\\\\|\\/|\\||\\:|\\?|\\*|""|<|>|[\x00-\x1f\x7f-\x9f]'","9"
"'\\\\""'","9"
"'\\\\-'","9"
"'\\\\\\.'","9"
"'\\\\`'","9"
"'\\\\u([0-9a-f]{4})'","9"
"'\\\\|\\/|\\||\\:|\\?|\\*|""|<|>|[\x00-\x1f\x7f-\x9f]/'","9"
"'\n            (?<!\\\\)\n            (`+)        # \\1 = Opening run of `\n            (?!`)       # See Note A test/tm-cases/escapes.text\n            (.+?)       # \\2 = The code block\n            (?<!`)\n            \\1          # Matching closer\n            (?!`)\n        '","9"
"'\n          # Match tail of: [text](/url/) or [text](/url/ ""title"")\n          \\(            # literal paren\n            [ \\t]*\n            (?P<url>            # \\1\n                <.*?>\n                |\n                .*?\n            )\n            [ \\t]*\n            (                   # \\2\n              ([\'""])            # quote char = \\3\n              (?P<title>.*?)\n              \\3                # matching quote\n            )?                  # title is optional\n          \\)\n        '","9"
"'\n          # Match tail of: [text][id]\n          [ ]?          # one optional space\n          (?:\\n[ ]*)?   # one optional newline followed by spaces\n          \\[\n            (?P<id>.*?)\n          \\]\n        '","9"
"'\r\n|\r'","9"
"'^'","9"
"'^(.+)[ \\t]*\\n(=+|-+)[ \\t]*\\n+'","9"
"'^/[-\\w/]+$'","9"
"'^INSTRUMENTATION_STATUS: stack=(.*)'","9"
"'^INSTRUMENTATION_STATUS: test=(.*)'","9"
"'^INSTRUMENTATION_STATUS_CODE: -?(\\d+)'","9"
"'^[ \t]*>[ \t]?'","9"
"'^\\d{4} \\d{6}'","9"
"'^\n        (?P<prefix>(?:[^\\r\\n|\\n|\\r])*?)\n        [\\ \\t]*Local\\ Variables:[\\ \\t]*\n        (?P<suffix>.*?)(?:\\r\\n|\\n|\\r)\n        (?P<content>.*?\\1End:)\n        '","9"
"'^createdb: database creation failed: ERROR:  database "".+"" already exists'","9"
"'``'","9"
"'https?://[^/]*(/.*reset/\\S*)'","9"
"'tag:.*\\[(.*)\\]'","9"
"""\n        ^(\\#{1,6})  # \\1 = string of #'s\n        [ \\t]*\n        (.+?)       # \\2 = Header text\n        [ \\t]*\n        (?<!\\\\)     # ensure not an escaped trailing '#'\n        \\#*         # optional closing #'s (not counted)\n        \\n+\n        ""","8"
"'#egg=([^&]*)'","8"
"'(-?\\d.*) molecule(?:s?) converted'","8"
"'(.*?) as (\\w+)'","8"
"'(?:\'.*?\')|(?:"".*?"")'","8"
"'(?:\'.*?\')|(?:"".*?"")|(?:(?:\\S|(?:\\\\s))+)'","8"
"'(?s)<[^>]*>|&#?\\w+;'","8"
"'([""\\\'])'","8"
"'([A-Z])([A-Z][a-z])'","8"
"'(\\(disc.+\\)|\\(CD.+\\))'","8"
"',$'","8"
"'-'","8"
"'-|T|:|\\.| '","8"
"'.*((\\d{2}|\\d{4})[-\\/]\\d{1,2}[-\\/]\\d{1,2}|\\d{2}[-\\/]\\d{1,2}[-\\/](\\d{1,2}|\\d{4}))'","8"
"'/\\*.*\\*/'","8"
"'<!--\\s*Description:\\s*(.*?)\\s*Expect:\\s*(!?)(\\w*)(?:{(.*?)})?\\s*-->'","8"
"'<[^>]+>'","8"
"'@requires:? (.*)\n'","8"
"'Not Found(?i)'","8"
"'[A-Z0-9_]+'","8"
"'[A-Z_]+'","8"
"'[\\s(),;]+'","8"
"'[^a-zA-Z_0-9]'","8"
"'[a-z]([a-zA-Z]+)?'","8"
"'[ms][A-Z]'","8"
"'\\..*$'","8"
"'\\..*'","8"
"'\\b(\\w){10}\\b'","8"
"'\\b(\\w){3}\\b'","8"
"'\\b(\\w){4}\\b'","8"
"'\\b(\\w){5}\\b'","8"
"'\\b(\\w){6}\\b'","8"
"'\\b(\\w){7}\\b'","8"
"'\\r\\n|\\n|\\r'","8"
"'\n          <\n           (?:mailto:)?\n          (\n              [-.\\w]+\n              \\@\n              [-\\w]+(\\.[-\\w]+)*\\.[a-zA-Z]+\n          )\n          >\n        '","8"
"'\n        (\n            # tag\n            </?         \n            (?:\\w+)                                     # tag name\n            (?:\\s+(?:[\\w-]+:)?[\\w-]+=(?:"".*?""|\'.*?\'))*  # attributes\n            \\s*/?>\n            |\n            # auto-link (e.g., <http://www.activestate.com/>)\n            <\\w+[^>]*>\n            |\n            <!--.*?-->      # comment\n            |\n            <\\?.*?\\?>       # processing instruction\n        )\n        '","8"
"'^([A-Za-z0-9_-]+)=(.*)$'","8"
"'^([a-fA-F\\d]{32})$'","8"
"'^([a-z0-9]{7,}) \\(<([^>]+)>.+?\\) (.+?)$'","8"
"'^.*_test.py$'","8"
"'^[ ]{0,2}([ ]?\\-[ ]?){3,}[ \\t]*$'","8"
"'^[ ]{0,2}([ ]?\\_[ ]?){3,}[ \\t]*$'","8"
"'^[0-9]+$'","8"
"'^[^a-zA-Z_]'","8"
"'^\r\n'","8"
"'^_.+__(.*)'","8"
"'^run(.*)Test$'","8"
"'on[A-Z]'","8"
"'&#?\\w+;'","7"
"'&(#?[xX]?(?:[0-9a-fA-F]+|\\w{1,8}));'","7"
"'((<(p|h[1-6]|li|dt|dd)[^>]*>|^)              # start with an opening p, h1-6, li, dd, dt or the start of the string\n                                  \\s*                                          # optional white space! \n                                  (<(a|em|span|strong|i|b)[^>]*>\\s*)*)         # optional opening inline tags, with more optional white space for each.\n                                  ((""|&ldquo;|&\\#8220;)|(\'|&lsquo;|&\\#8216;))  # Find me a quote! (only need to find the left quotes and the primes)\n                                                                               # double quotes are in group 7, singles in group 8 \n                                  '","7"
"'(?P<class>OpenLayers\\..*?)\\('","7"
"'(?P<digit>\\d)(?P=digit){5}'","7"
"'(\\d{3})'","7"
"'(\\s|&nbsp;)(&|&amp;|&\\#38;)(\\s|&nbsp;)'","7"
"'(high|normal|low|off)'","7"
"'(http://)(\\w*)'","7"
"'(tag:blogger.com,1999:blog-)(\\w*)'","7"
"'(tag:blogger.com,1999:blog-)(\\w*)(.post-)(\\w*)'","7"
"'.*-(\\w*)$'","7"
"'.*\\.py$'","7"
"'</h\\d+>'","7"
"'</p>'","7"
"'<field>(.*?)</field>'","7"
"'<record>(.+?)</record>'","7"
"'X-Transmission-Session-Id:\\s*(\\w+)'","7"
"'[\\[\\]\\(\\);]'","7"
"'[\\s]*/\\*.*?\\*/[\\s]*'","7"
"'\\(\\s*;'","7"
"'\\[(.*?)\\]'","7"
"'\\[.* #(?P<bug_id>\\d+)\\] .*$'","7"
"'\\s*;\\s*'","7"
"'\n{2,}'","7"
"'^  '","7"
"'^\\s+$'","7"
"'^\\{.+\\}$'","7"
"'^\\{[\\s\\w,\\-\\.\\""\\\'\\:\\[\\]]+\\}$'","7"
"'^__.*__$'","7"
"'^~'","7"
"' '","6"
"' (                        # wrap whole match in $1\n                  !\\[\n                    (.*?)               # alt text = $2\n                  \\]\n                  \\(                    # literal paren\n                        [ \\t]*\n                        <?(\\S+?)>?      # src url = $3\n                        [ \\t]*\n                        (               # $4\n                        ([\\\'\\""])        # quote char = $5\n                          (.*?)         # title = $6\n                          \\5            # matching quote\n                          [ \\t]*\n                        )?              # title is optional\n                  \\)\n                )\n    '","6"
"' (                       # wrap whole match in $1\n                  !\\[\n                    (.*?)               # alt text = $2\n                  \\]\n\n                  [ ]?                  # one optional space\n                  (?:\\n[ ]*)?           # one optional newline followed by spaces\n\n                  \\[\n                    (.*?)               # id = $3\n                  \\]\n\n                )\n    '","6"
"' (                   # wrap whole match in $1\n                  \\[\n                    (.*?)          # link text = $2\n                  \\]\n                  \\(               # literal paren\n                        [ \\t]*\n                        <?(.+?)>?  # href = $3\n                        [ \\t]*\n                        (          # $4\n                          ([\\\'\\""]) # quote char = $5\n                          (.*?)    # Title = $6\n                          \\5       # matching quote\n                        )?         # title is optional\n                  \\)\n                )\n    '","6"
"' (                 # wrap whole match in $1\n                  \\[\n                    (.*?)        # link text = $2 \n                    # [for bracket nesting, see below]\n                  \\]\n\n                  [ ]?           # one optional space\n                  (?:\\n[ ]*)?    # one optional newline followed by spaces\n\n                  \\[\n                    (.*?)        # id = $3\n                  \\]\n                )\n    '","6"
"' {2,}\n'","6"
"'%\\(([^)]*)\\)s'","6"
"'&#([xX]?[0-9a-fA-F]+)[^0-9a-fA-F]'","6"
"'((\t|(        ))\\*.*?\n\n)'","6"
"'(?mxs)MochiKit.MochiKit.SUBMODULES\\s*=\\s*\\[([^\\]]+)'","6"
"'(?mxs)MochiKit.MochiKit.VERSION\\s*=\\s*[\'""]([^\'""]+)'","6"
"'([A-Z][a-z]+)'","6"
"'([\\w-]+)\\s*([\\d]+):.*$'","6"
"'(\\*\\*|__) (?=\\S) (.+?[*_]*) (?<=\\S) \\1'","6"
"'(\\*|_) (?=\\S) (.+?) (?<=\\S) \\1'","6"
"'(\\[.*?\\]|\n( ){8,100}{{{(.*?)}}}|\n\t\\s*{{{(.*?)}}}|\n{{{(.*?)}}}|{{.*?}}|([A-Z][a-z]+([A-Z][a-z]+)+))'","6"
"'(if\\s+__name__\\s*==\\s*(""|\')__main__(""|\')\\s*:\\s*\n+([ \t\r\x0c\x0b]+.+\n)+)'","6"
"'-+'","6"
"'//.*'","6"
"'<((https?|ftp):[^\\\'\\"">\\s]+)>'","6"
"'<(/)?(pre|code|kbd|script|math)[^>]*>'","6"
"'>.+?:'","6"
"'[ ,-/]'","6"
"'[-\\s]+'","6"
"'[\\s\\n,]+'","6"
"'[\\w$\\-_]'","6"
"'[^0-9a-fA-F]'","6"
"'\\n'","6"
"'\\n{2,}\\Z'","6"
"'\\s*,\\s*'","6"
"'\n      <\n      (?:mailto:)?\n      (\n         [-.\\w]+\n         \\@\n         [-a-z0-9]+(\\.[-a-z0-9]+)*\\.[a-z]+\n      )\n      >'","6"
"'\n    (\\n)?                            # leading line = $1\n    (^[ \\t]*)                        # leading whitespace = $2\n    ([*+-]|\\d+[.]) [ \\t]+            # list marker = $3\n    ((?:.+?)                         # list item text = $4\n    (\\n{1,2}))\n    (?= \\n* (\\Z | \\2 ([*+-]|\\d+[.]) [ \\t]+))\n    '","6"
"'\n    (`+)            # $1 = Opening run of `\n    (.+?)           # $2 = The code block\n    (?<!`)\n    \\1              # Matching closer\n    (?!`)\n    '","6"
"'\n\\A\n\n<tr\\ bgcolor=""[^"">]+"">\n\n<td><a\\ href=""[^>""]+\\.php"">([^<>]+)</a></td>\n\n<td><a\\ href=""[^"">]+"">[^<>]+</a></td>\n\n<td>\n(?:\n    <a\\ href=""[^"">]+\\.php"">\n    ( [^<>]+ )\n    </a>\n|   ( [^<>]+ )\n)\n</td>\n\n</tr>\n\n\\Z\n'","6"
"'^([ \\t]*)'","6"
"'^(\\#{1,6})[ \\t]*(.+?)[ \\t]*\\#*\\n+'","6"
"'^[ ]{0,2}([ ]?-[ ]?){3,}[ \\t]*$'","6"
"'^[ ]{0,2}([ ]?_[ ]?){3,}[ \\t]*$'","6"
"'^[A-Za-z_][A-Za-z_0-9]*([.][A-Za-z_][A-Za-z_0-9]*)*\\.?$'","6"
"'^[\t ]*'","6"
"'^http'","6"
"'^https?://'","6"
"'^scale:\\d+\\-\\d+\\:$'","6"
"'name=""(.*?)""'","6"
"'tag:blogger.com,1999:user-(\\d+)\\.blog-(\\d+)'","6"
"'value=""(.*?)""'","6"
"""(\n                            (\\b[A-Z\\d]*        # Group 2: Any amount of caps and digits\n                            [A-Z]\\d*[A-Z]      # A cap string much at least include two caps (but they can have digits between them)\n                            [A-Z\\d]*\\b)        # Any amount of caps and digits\n                            | (\\b[A-Z]+\\.\\s?   # OR: Group 3: Some caps, followed by a '.' and an optional space\n                            (?:[A-Z]+\\.\\s?)+)  # Followed by the same thing at least once more\n                            (?:\\s|\\b|$))\n                            ""","5"
"""\\s*@(.*?)\\s+('(.*|.*\n.*)')?""","5"
"""\n    (                       # Wrap whole match in $1\n     (\n       ^[ \\t]*>[ \\t]?       # '>' at the start of a line\n       .+\\n                 # rest of the first line\n       (.+\\n)*              # subsequent consecutive lines\n       \\n*                  # blanks\n      )+\n    )""","5"
"'   \\.\\.\\.+:'","5"
"' *$'","5"
"'&(?!#\\d+;|#x[0-9a-fA-F]+;|\\w+;)'","5"
"'&nbsp;'","5"
"'((?:</?(?:a|em|span|strong|i|b)[^>]*>)|[^<>\\s]) # must be proceeded by an approved inline opening or closing tag or a nontag/nonspace\n                                   \\s+                                # the space to replace\n                                   ([^<>\\s]+                            # must be flollowed by non-tag non-space characters\n                                   \\s*                                  # optional white space! \n                                   (</(a|em|span|strong|i|b)>\\s*)* # optional closing inline tags with optional white space after each\n                                   ((</(p|h[1-6]|li|dt|dd)>)|$))                 # end with a closing p, h1-6, li or the end of the string\n                                   '","5"
"'(.*)=(.*)'","5"
"'(.*)[,\\\\]$'","5"
"'(.*)\\((.*)\\)'","5"
"'(?!\\\\)(\\\\\\\\)*""'","5"
"'(?P<year>\\d\\d\\d\\d)(?:-(?P<month>\\d\\d)(?:-(?P<day>\\d\\d)(?:T(?P<hour>\\d\\d)(?::(?P<minute>\\d\\d)(?::(?P<second>\\d\\d))?)?)?)?)?Z'","5"
"'(In \\[[0-9]+\\]: )|(   \\.\\.\\.+:)'","5"
"'(Out\\[[0-9]+\\]: )|(   \\.\\.\\.+:)'","5"
"'([A-Z]):(.*)'","5"
"'([\\s]+)'","5"
"'([^+]*)\\+(.*)'","5"
"'(\\ ?\\ ?\\ ?)\\[\\^([^\\]]*)\\]:\\s*(.*)'","5"
"'(\\.(?P<microseconds>\\d+))?(?P<timezone>(\\+|-)\\d\\d)?'","5"
"'(\\S+?)\\s*=\\s*(.)'","5"
"'(\\d+).(\\d+).(\\d+) (?: -(\\d+)-g[0-9a-z]+)?'","5"
"'(\\s+|\\$|,)'","5"
"'(ww[^\\.]*\\.)?(.+)'","5"
"','","5"
"',[ \t]*'","5"
"',|$'","5"
"'.*?\n'","5"
"'/'","5"
"'//|/$'","5"
"'</(\\w+)>'","5"
"'Gene/Summary'","5"
"'Job <(?P<jobid>\\d+)> is'","5"
"'PRI.*'","5"
"'Transcript/ProteinSummary'","5"
"'Transcript/Summary'","5"
"'Your job (?P<jobid>\\d+) \\(""'","5"
"'[\\. ]+'","5"
"'[\\s\\(\\)]+'","5"
"'[\\x00\\x01\\x02\\x03\\x04\\x05\\x06\\x07\\x08\\x0b\\x0c\\x0e\\x0f\\x10\\x11\\x12\\x13\\x14\\x15\\x16\\x17\\x18\\x19\\x1a\\x1b\\x1c\\x1d\\x1e\\x1f]'","5"
"'[^A-Za-z0-9]'","5"
"'[^a-z0-9_]'","5"
"'[^a-zA-Z]'","5"
"'[a-zA-Z]+'","5"
"'[a-zA-Z]{2}\\-\\d{2}'","5"
"'\\* (\\w+)'","5"
"'\\-+'","5"
"'\\.py$'","5"
"'\\D'","5"
"'\\[( +)'","5"
"'\\[[a-zA-Z0-9:_\\. -]*\\]\\s*'","5"
"'\\[\\^([^\\]]*)\\]'","5"
"'\\d{5}'","5"
"'\\d{5}-\\d{4}'","5"
"'\\s*([-$,0-9.]+)\\s+([-$,0-9.]+)'","5"
"'\\s*@(\\w+){((\\S+),)?(.*)}\\s*'","5"
"'\\w+:'","5"
"'\\w+='","5"
"'\n        ^(\\d{4}) # Year          ($1)\n        -(\\d{2}) # Month         ($2)\n        -(\\d{2}) # Day           ($3)\n        T(\\d{2}) # Hour          ($4)\n        :(\\d{2}) # Minute        ($5)\n        :(\\d{2}) # Second        ($6)\n        [+-]   # TODO: TZ offset dir ($7)\n        \\d{2}  # TODO: Offset hour   ($8)\n        :\\d{2} # TODO: Offset min    ($9)\n    '","5"
"'\r?\n'","5"
"'^ *'","5"
"'^ | $|/ | /'","5"
"'^#'","5"
"'^([0-9]{4})\\.([0-9]+)\\.([0-9]+)$'","5"
"'^([\\w.]*\\.)?    # class names\n                           (\\w+)  \\s* $        # optionally arguments\n                           '","5"
"'^([^:]+):[ \t]*(.*)$'","5"
"'^(https?)://([^/]+)(/?.*)'","5"
"'^(https?)://.*'","5"
"'^Version: \\s+ (\\d+)\\.(\\d+)\\.(\\d+) (?: -beta(\\d+))?'","5"
"'^[ 0-9a-zA-Z\\._\\+/\\$-]{1,256}$'","5"
"'^[ \\t]*>[ \\t]?'","5"
"'^[0-9a-f]{20,40}$'","5"
"'^[a-z0-9_]+$'","5"
"'^\\[([a-z_]*)\\]$'","5"
"'^\\s*([0-9]+:[0-9]+)\\s*(.+)'","5"
"'^\\s*([0-9]+:[0-9]+)\\s*\\|\\s*(.+?)(\\s+\\(([0-9]+:[0-9]+)\\))?\\s*$'","5"
"'^\\s*([0-9]+:[0-9]+)\\s*\\|\\s*([0-9]+:[0-9]+)\\s*\\|\\s*(.+)'","5"
"'^__version__ = [\'\\""]([^\'\\""]*)[\'\\""]'","5"
"'^define ([^ ]*)(.*)$'","5"
"'^include (.*)$'","5"
"'^perlinclude (.*)$'","5"
"'^v\\d+$'","5"
"'_([0-9]{1,6})_'","5"
"'_s\\d+$'","5"
"'interpro'","5"
"'{|}'","5"
""".*adding new server URL to database \\'(.*)\\': (.*)""","4"
"""[$^#\\\\']""","4"
"""^tag:([a-z0-9\\-\\._]+?@)?[a-z0-9\\.\\-]+?,\\d{4}(-\\d{2}(-\\d{2})?)?:[0-9a-zA-Z;/\\?:@&=+$\\.\\-_!~*'\\(\\)%,]*(#[0-9a-zA-Z;/\\?:@&=+$\\.\\-_!~*'\\(\\)%,]*)?$""","4"
"""^urn:[a-zA-Z0-9][a-zA-Z0-9-]{1,31}:([a-zA-Z0-9()+,\\.:=@;$_!*'\\-]|%[0-9A-Fa-f]{2})+$""","4"
"' +'","4"
"' - '","4"
"'#(\\w+)\\s+(.*)'","4"
"'#.*?$'","4"
"'#egg=(.*)$'","4"
"'$a'","4"
"'&#?(\\w+);'","4"
"'((\\d{6}) (tree|blob)) ([0-9a-f]{40})\t(start|(.+))$'","4"
"'(</body>)'","4"
"'(</head>)'","4"
"'(<pre>\\s*)<br />'","4"
"'(<span class=""k"">[^<>]+</span>\\s*)<br />(<span class=""k"">)'","4"
"'(<|>)?(\\d+)'","4"
"'(?:#|#.*?&)egg=([^&]*)'","4"
"'(?:<FONT SIZE=""-1"">|<font face=""arial,helvetica"" size=2><(?:B|I)>)([^<]*?)/([^<]*?)(?:</(?:B|I)></font>|</FONT>)'","4"
"'(?P<year>\\d{4})-(?P<month>\\d{2})-(?P<day>\\d{2})T(?P<hour>\\d{2}):(?P<minute>\\d{2}):(?P<second>\\d{2})(?P<second_float>(\\.\\d+)?)Z'","4"
"'(?x)\n(?P<location>^.*)(?:^|/)\n(?P<name>\n    (?P<shortname>\\w+).framework/\n    (?:Versions/(?P<version>[^/]+)/)?\n    (?P=shortname)\n    (?:_(?P<suffix>[^_]+))?\n)$\n'","4"
"'(?x)\n(?P<location>^.*)(?:^|/)\n(?P<name>\n    (?P<shortname>\\w+?)\n    (?:\\.(?P<version>[^._]+))?\n    (?:_(?P<suffix>[^._]+))?\n    \\.dylib$\n)\n'","4"
"'([-\\w]+):\\s*([^:;]*)'","4"
"'([/\\.\\\\])'","4"
"'([0-9]?[0-9]:)?[0-5]?[0-9]:[0-5][0-9]$'","4"
"'([0-9]{4})-([0-1][0-9])-([0-3][0-9]) ([0-2][0-9]):([0-5][0-9])'","4"
"'([\\{-\\~\\[-\\` -\\&\\(-\\+\\:-\\@\\/])'","4"
"'([^%]|%[a-fA-F0-9]{2})'","4"
"'([^(]+)(?:\\((.*)\\))?'","4"
"'([a-z0-9_.]+)-([a-z0-9_.-]+)'","4"
"'([a-zA-Z0-9_\\-\\+\\.]+)@((\\[[0-9]{1,3}\\.[0-9]{1,3}\\.[0-9]{1,3}\\.)|(([a-zA-Z0-9\\-]+\\.)+))([a-zA-Z]{2,4}|[0-9]{1,3})(\\]?)$'","4"
"'([}{])'","4"
"'(\\${[^\\{^\\}]*})'","4"
"'(\\D*)(\\d*)'","4"
"'(\\S+)'","4"
"'(bash)'","4"
"'-(20\\d\\d\\d\\d\\d\\d)$'","4"
"'-Hd (\\d+)'","4"
"'-Hs (\\d+)'","4"
"'-Id (\\d+).(\\d+)'","4"
"'-If (\\d+)'","4"
"'-Ii (\\d+)'","4"
"'-Il (\\d+)'","4"
"'-Is (\\d+).(\\d+)'","4"
"'-It ([a-z]+)'","4"
"'-Iv (\\d+)'","4"
"'-Ma (\\d+)'","4"
"'-Md (\\w+)'","4"
"'-Ms (\\w+)'","4"
"'-Mt (\\d+)'","4"
"'-Ne (-[0-9.]*)'","4"
"'-Ni (\\d+)'","4"
"'-Nl ([A-Z]+)'","4"
"'-Nl AGT'","4"
"'-Nl MAC'","4"
"'-Nl RTR'","4"
"'-Nw ([A-Z]+)'","4"
"'-Nx (\\d+) -Ny (\\d+) -Nz (\\d+)'","4"
"'-Pf (\\d+)'","4"
"'-Pi (\\d+)'","4"
"'-Pn (\\w+)'","4"
"'-Po (\\d+)'","4"
"'-py([123]\\.[0-9])$'","4"
"'-py\\d\\.\\d$'","4"
"'-r(\\d+)$'","4"
"'-t ([0-9.]*)'","4"
"'.*'","4"
"'.*(kind=)(album|tag|photo|comment)'","4"
"'.*/(\\d+)'","4"
"'.*\\.([a-zA-Z]{3,}$)'","4"
"'.*\\w'","4"
"'.+'","4"
"'/([a-z]+)_([-A-Za-z0-9]+)([-_A-Za-z0-9]*)\\.xml'","4"
"'/*([a-z])\\|'","4"
"'/\\*'","4"
"':'","4"
"'<!-- Ref -->\\s*<TD WIDTH=14>[^C]*?(Closed)?[^C]*?</TD>\\s*<TD ALIGN=""CENTER"" VALIGN=""TOP"">\\s*<font face=""arial,helvetica"" size=2><FONT SIZE=""-1"">\\s*<B>(.*?)</B>\\s*</FONT>\\s*</TD>\\s*<!-- Motion Title -->\\s*<TD ALIGN=""LEFT"" VALIGN=""TOP"">\\s*<font face=""arial,helvetica"" size=2><FONT COLOR=""#0000DD"">\\s*<A HREF=""(/weblink/html/motion.html/ref=.*?)"" TARGET=""_top"">\\s*(.*?)</A>\\s*</FONT>\\s*</TD>\\s*<!-- Sponsor -->\\s*<TD ALIGN=""LEFT"" VALIGN=""TOP"">\\s*<A HREF=""/weblink/html/member.html/mem=.*?"" TARGET=""_top"" >\\s*<font face=""arial,helvetica"" size=2>.*?/.*?</A>\\s*</TD>\\s*<!-- Count of signatures -->\\s*<TD ALIGN=""RIGHT"" VALIGN=""TOP"">\\s*<font face=""arial,helvetica"" size=2><FONT SIZE=""-1"">(\\d+)</FONT>&nbsp;&nbsp;&nbsp;\\s*</TD>'","4"
"'<!-- \\*\\*\\* Reference number \\*\\*\\* -->.*?<font face=""arial,helvetica"" size=2>(<[BI]>)?(.*?)</FONT>.*?<!-- \\*\\*\\* Motion title \\*\\*\\* -->.*?<A HREF=""(.*?)"" TARGET=""_parent"">\\s*<font face=""arial,helvetica"" size=2>(?:<[BI]>)?([^<]*?)</font></A>\\s*</TD>\\s*<!-- \\*\\*\\* Signatures -->.*?(?:<font face=""arial,helvetica"" size=2>(?:<[BI]>)?(\\d+) &nbsp;&nbsp;</font>\\s*)?</TD>\\s*<!-- \\*\\*\\* Motion date \\*\\*\\* -->.*?<font face=""arial,helvetica"" size=2>(?:<[BI]>)?(\\d\\d)\\.(\\d\\d)\\.(\\d\\d)</FONT>(?s)'","4"
"'<<(.+?)>>'","4"
"'<FONT SIZE=""-1""><font face=""arial,helvetica"" size=2><B>The status of this EDM is (CLOSED|SUSPENDED).&nbsp;&nbsp;Reason: (.*?).</B></font>'","4"
"'<FONT SIZE=-1>(\\d+) EDMs and Amendments'","4"
"'<FRAME SRC=""(.*?)"" NAME=""CONTENT""'","4"
"'<FRAME\\s+SRC=""(.*?)""\\s+NAME=""CONTENT""'","4"
"'<FRAME\\s+SRC=""(.*?)""\\s+NAME=""TEXT""'","4"
"'<TD COLSPAN=""2""><font face=""arial,helvetica"" size=2>\\s*(.*?)</TD>'","4"
"'<TD>(?:<font face=""arial,helvetica"" size=2>|<FONT SIZE=""-1""><font face=""arial,helvetica"" size=2><B>)\\s*(.*?)(?:</font>|</B></font></FONT>)</TD>'","4"
"'<[^>]*\\srel\\s*=\\s*[\'""]?([^\'"">]+)[^>]*>'","4"
"'<\\?xml\\s+version\\s*=\\s*(?:""[-a-zA-Z0-9_.:]+""|\\\'[-a-zA-Z0-9_.:]+\\\')\\s+(encoding\\s*=\\s*(?:""([-A-Za-z0-9._]+)""|\\\'([-A-Za-z0-9._]+)\\\'))'","4"
"'<a\\s+href=(?:""(.*?)""|\'(.*?)\'|([\\w-]+))\\s*>'","4"
"'<br />(<span class=""k"">(IN|LIKE)</span>)'","4"
"'<font[^>]*>'","4"
"'<img\\s+[^>]*src=(?:""(.*?)""|\'(.*?)\'|([\\w-]+))[\\s>]'","4"
"'<skipped>'","4"
"'<th>\\s*download\\s+url'","4"
"'<th>\\s*home\\s*page'","4"
"'<title>[^<]*Revision \\d+:'","4"
"'=(.*?)SlAsHcOdEsTrInG(.*)'","4"
"'>[ \r\n]+<'","4"
"'BRIDGE=(.*)'","4"
"'Powered by (?:<a[^>]*?>)?Subversion'","4"
"'Revision: (.+)'","4"
"'This is BibTeX'","4"
"'URL: (.+)'","4"
"'[-+]?(\\d+(\\.\\d*)?|\\d*\\.\\d+)([eE][-+]?\\d+)?'","4"
"'[-+]?\\d+'","4"
"'[/\\\\]'","4"
"'[A-Za-z][-A-Za-z0-9._]*'","4"
"'[\\\\](.)'","4"
"'[^\\d]'","4"
"'[^\\s()<>,;:\\""/[\\]?=]+/[^\\s()<>,;:\\""/[\\]?=]+(\\s*;\\s*[^\\s()<>,;:\\""/[\\]?=]+=(""(\\""|[^""])*""|[^\\s()<>,;:\\""/[\\]?=]+))*$'","4"
"'[^]]+?\\] +([0-9.]+): (\\w+) <-(\\w+)'","4"
"'[^a-z0-9$&+,/:;=?@.#%_\\\\|-]'","4"
"'[^a-zA-Z ]'","4"
"'[^aeiou]y$'","4"
"'[^aeioudgkprt]h$'","4"
"'[a-z]+[a-z_0-9]+'","4"
"'[sxz]$'","4"
"'\\$.{1,2}'","4"
"'\\$<\\d+>[/*]?'","4"
"'\\$\\$|\\${\\w+}'","4"
"'\\$\\{[^\\}]+\\}'","4"
"'\\${[^\\{^\\}]*}'","4"
"'\\([^(]*?\\)'","4"
"'\\(\\*'","4"
"'\\*([^\\s].*?)\\*(?!\\*)'","4"
"'\\.\\.|^\\./|\\.$|/\\./|^-'","4"
"'\\/\\/.*$'","4"
"'\\Z(?ms)'","4"
"'\\[([WE])(, (.+?))?\\]'","4"
"'\\[textile\\](.*)\\[/textile\\]'","4"
"'\\\\t'","4"
"'\\d'","4"
"'\\d+\\.?\\d*\\s*\\w*$'","4"
"'\\d+\\.?\\d*\\s*\\w*'","4"
"'\\d{1,3}\\.\\d{1,3}\\.\\d{1,3}\\.\\d{1,3}'","4"
"'\\n\\r?\\n$'","4"
"'\\s*""(.*?)""\\s*(.*)'","4"
"'\\s*\\\\""(.*?)\\\\""\\s*(.*)'","4"
"'\\s\\s+'","4"
"'\r|\n'","4"
"'^""(.*)'","4"
"'^(([^:/?#]+):)?(//([^/?#]*))?([^?#]*)(\\?([^#]*))?(#(.*))?$'","4"
"'^(.*),\\s*(.*)$'","4"
"'^(.*?)(-dev|-\\d.*)'","4"
"'^(.*?)(?:-dev|-\\d.*)'","4"
"'^(INT\\.?/EXT\\.?)[ .]'","4"
"'^(INT|EXT|EST)[ .]'","4"
"'^([-:,;#%.\\sa-zA-Z0-9]|\'[\\s\\w]+\'|""[\\s\\w]+""|\\([\\d,\\s]+\\))*$'","4"
"'^([A-Fa-f0-9]{2,2}){3,4}$'","4"
"'^([^\\[\\]]+)(\\[.*\\])?$'","4"
"'^([a-z]):'","4"
"'^([a-z])[|]'","4"
"'^([a-z]*)(:|%3A)([\\w-]*)$'","4"
"'^(\\#|snippet|$)'","4"
"'^(\\d+(,\\s*\\d+)*)?$'","4"
"'^(\\s*[-\\w]+:\\s*[^:;]*(;|$))*$'","4"
"'^(\\s+)?\\{[\\s\\w,\\[\\]\\{\\}\\-\\.""\\\':]+\\}(\\s+)?$'","4"
"'^(\\w*://)[-+.\\w]*(:[-+.\\w]+)?@'","4"
"'^(https?)://([a-z\\.0-9]+)(?:\\:(\\d+))?$'","4"
"'^(http|https|file):'","4"
"'^(now)|(\\d+(\\.\\d+)?)|(\\d+:\\d\\d:\\d\\d(\\.\\d+)?)$'","4"
"'^-r\\s*([^ ])?'","4"
"'^<\\?\\s*xml\\s+version\\s*=\\s*[\'""]([-a-zA-Z0-9_.:]*)[\'""]'","4"
"'^@([0-9]+)$'","4"
"'^@@ -(\\d+),?(\\d*) \\+(\\d+),?(\\d*) @@$'","4"
"'^I/E[ .]'","4"
"'^Showing ([,0-9]+) - ([,0-9]+) of ([,0-9]+) Results$'","4"
"'^[ \\t]*'","4"
"'^[0-9A-Za-z]+$'","4"
"'^[A-Za-z][_.A-Z-a-z\\d]+'","4"
"'^[A-Za-z_][A-Za-z_0-9]*([.][A-Za-z_][A-Za-z_0-9]*)*.*$'","4"
"'^[\'""]*(.*?)[\'""]*$'","4"
"'^[^=><]*(.*?)[\'""]*$'","4"
"'^[a-zA-z][a-zA-z0-9:._]*'","4"
"'^\\$([\\d,]+)\\.(\\d\\d)$'","4"
"'^\\d+(,\\s*\\d+)*$'","4"
"'^\\d\\d\\d\\d-\\d\\d-\\d\\d$'","4"
"'^\\r?\\n\\r?\\n'","4"
"'^\\s*?\n'","4"
"'^\\s+(\\\\\\s*)?(\\.\\s*)?[\'\\""](.*)[\'\\""]'","4"
"'^\\w+://[^/].*'","4"
"'^code\\( ([^ \\t,]+)[ \\t]*,[ \\t]*([^ ]+)'","4"
"'^d'","4"
"'^heads/(.+)$'","4"
"'^http://www.amazon.com/[^/]+/dp/([0-9A-Z]{10})/'","4"
"'^my\\.'","4"
"'^r'","4"
"'^remote\\.([^.]+)\\.url (.+)$'","4"
"'^remotes/([^/]+)/(.+)$'","4"
"'^running .*'","4"
"'^s'","4"
"'^t'","4"
"'_(?=\\S)([^_]+)(?<=\\S)_'","4"
"'_+'","4"
"'__.*__'","4"
"'branch\\.([^.]*)\\.merge (?:(?:refs/)?heads/)?(.+)'","4"
"'branch\\.([^.]*)\\.remote (.+)'","4"
"'c(\\d+)'","4"
"'commit [0-9a-f]{40}\nAuthor: .+\nDate:   .+\n\ncommit [0-9a-f]{40}\nAuthor: .+\nDate:   .+\n'","4"
"'committed-rev=""(\\d+)""'","4"
"'control.hasfocus\\(([0-9]+)\\)'","4"
"'control.isvisible\\(([0-9]+)\\)'","4"
"'exe [\'""](GlobalSnip|Snipp)(!)? (\\S+) (.*)[\'""]'","4"
"'first\n$'","4"
"'flickr.com'","4"
"'href=(?:""([^""]*)""|\'([^\']*)\'|([^>\\s\\n]*))'","4"
"'http://'","4"
"'md5=([a-f0-9]+)'","4"
"'memcached://([.\\w]+:\\d+)'","4"
"'mmx'","4"
"'no EDMs'","4"
"'ound (\\d+) EDMs? signed'","4"
"'password: ""(.*)""'","4"
"'processor\\s*:'","4"
"'s$'","4"
"'uk.org.publicwhip/person/'","4"
"'url=""([^""]+)""'","4"
"'y$'","4"
"""<(module '(.*?)') \\(built-in\\)>$""","3"
"""^'''(.*?)'''\\s*(#.*)?$""","3"
"""^(.*?)'''\\s*(#.*)?$""","3"
"' *'","3"
"' \\s* ([*|&]+) \\s* (\\w+)'","3"
"'""acct""<blob>=""(.*?)""'","3"
"'#([\\$a-zA-Z0-9_\\-\\&]+)'","3"
"'#(\\d{4,5})'","3"
"'#+$'","3"
"'&#(\\d+|x[0-9a-fA-F]+);'","3"
"'&(\\w+);'","3"
"'(!\\s*)?(\\[([^\\]]+)]\\s*)?(.*)'","3"
"'(.*)\\?'","3"
"'(.*?)/(.+)'","3"
"'(.+)-.+'","3"
"'(::|\\.\\.|\\(\\)|[/.*:\\[\\]\\(\\)@=])|((?:\\{[^}]+\\})?[^/:\\[\\]\\(\\)@=\\s]+)|\\s+'","3"
"'(<pre><code>(.*?)</code></pre>)'","3"
"'(<|>|\\+(?!\\s*\\+|$))'","3"
"'(></)|("""")|(\\n\\s+)\\n|(.|\\s)'","3"
"'(?<!\\\\),'","3"
"'(?<!\\\\);'","3"
"'(?<=.)_$'","3"
"'([-\\w]+)\\s*:\\s*([^:;]*)'","3"
"'([.\\w-]+)\\s*(.*)$'","3"
"'([0-9]+)'","3"
"'([A-Z][A-Z])([A-Z][0-9a-z])'","3"
"'([A-Z][a-z]*)([A-Za-z0-9]+)'","3"
"'([\\$\\^\\*\\+\\.\\?\\{\\}\\[\\]\\(\\)\\|\\\\])'","3"
"'([\\\\""]|[^\\ -~])'","3"
"'([^(]*)\\s+\\(([^)]*)\\)\\s+(\\d+)\\s+(\\d+)\\s+(\\w+)'","3"
"'([^A-Z])([A-Z])'","3"
"'([a-z])'","3"
"'(\'[^\']*\'|""[^""]*""|::|//?|\\.\\.|\\(\\)|[/.*:\\[\\]\\(\\)@=])|((?:\\{[^}]+\\})?[^/:\\[\\]\\(\\)@=\\s]+)|\\s+'","3"
"'(\\[[-\\w.# ]+\\])|(\\[\\[\\])'","3"
"'(\\d+) (.*?) '","3"
"'(\\d+)x(\\d+)'","3"
"'(\\d{1,3}\\.){3}\\d{1,3}:\\d{1,5}'","3"
"'(\\s*<[^>]+>[\\s\\n\\r]*)$'","3"
"'(\\w+): (.*)'","3"
"'(\\w+)\\((-?\\d+.?\\d*),(-?\\d+.?\\d*)\\)'","3"
"'(\\w+)_new$'","3"
"'(const-)?([A-Za-z0-9]+)\\*?\\s+'","3"
"',\\s*$'","3"
"',\\s*'","3"
"'-Pn arp'","3"
"'-Pn cbr'","3"
"'-Pn dsr'","3"
"'-Pn tcp'","3"
"'.*.cfg$'","3"
"'.*.cfg'","3"
"'.*.tar.gz'","3"
"'.*\\*$'","3"
"'.*\\<(?P<email>.+)\\>.*'","3"
"'.*\\<use (.*?)\\>'","3"
"'.*date\\s*=\\s*(\\\'|\\"")(\\d+)(\\\'|\\"").*'","3"
"'.+/'","3"
"'.+@.+\\..+'","3"
"'/$'","3"
"'/([0-9]+)'","3"
"'/cruisecontrol(?:/?\\?log=|/?)(.*)$'","3"
"'/maps/feeds/features/(?P<user_id>\\w+)/(?P<map_id>\\w+)/(?P<feature_id>\\w+)$'","3"
"'/maps/feeds/maps/(?P<user_id>\\w+)/(?P<map_id>\\w+)$'","3"
"'/page/([0-9]+)'","3"
"'/{2,}'","3"
"':([^/]+)'","3"
"';\\s*'","3"
"'<([\\w\\s]+) at 0x\\w+>'","3"
"'<TD><A HREF="".*"">'","3"
"'<br.?/?>'","3"
"'<project>.*<groupId>org\\.osaf\\.cosmo</groupId>.*<version>(.*)</version>.*<name>.*</project>'","3"
"'=>?'","3"
"'Class: ""([^""]+)""'","3"
"'G_BEGIN_DECLS|BEGIN_LIBGTOP_DECLS'","3"
"'Intrinsic Effect: ""([^""]+)""'","3"
"'LaTeX Warning:.*'","3"
"'Mox: ([0-9]+)'","3"
"'Mus: ([0-9]+)'","3"
"'Mys: ([0-9]+)'","3"
"'Run number'","3"
"'[ \\.,\\!\\?\'\\"";:/\\\\+=#]+'","3"
"'[ \t]+'","3"
"'[-0-9 ]*-[ ]*(.*)'","3"
"'[0-9]+$'","3"
"'[0-9]+'","3"
"'[0-9]+x$'","3"
"'[0-9]{4}'","3"
"'[<>\'""]'","3"
"'[A-Z][a-z]{2} [A-Z][a-z]{2} [0-9 ]'","3"
"'[\\+\\!]+$'","3"
"'[\\._]|\\-(?=$)'","3"
"'[\\/][^\\/]+[\\/]?$'","3"
"'[\\\\].'","3"
"'[\\x00-\\x1f\\\\""\\b\\f\\n\\r\\t]'","3"
"'[^-_a-zA-Z0-9]'","3"
"'[^\\w-]'","3"
"'[^\\w0-9_-]+'","3"
"'[^\\w\\s]+'","3"
"'[^a-z0-9\\-]'","3"
"'[a-zA-Z]\\w*'","3"
"'[aeiouy]'","3"
"'[ivx\\d]'","3"
"'\\${ap}'","3"
"'\\${date}'","3"
"'\\${dir}'","3"
"'\\${ecmwf_file}'","3"
"'\\${f107a}'","3"
"'\\${f107}'","3"
"'\\${log_file}'","3"
"'\\${output_dir}'","3"
"'\\('","3"
"'\\)'","3"
"'\\*'","3"
"'\\*\\s*([0-9]+)'","3"
"'\\.([\\$a-zA-Z0-9_\\-\\&]+)'","3"
"'\\.\\.'","3"
"'\\W*'","3"
"'\\[([^\\]]*)\\]'","3"
"'\\\\([1-9][0-9]*)'","3"
"'\\\\[0-3][0-7][0-7]'","3"
"'\\\\\\n'","3"
"'\\\\g<([a-zA-Z_][a-zA-Z_]*)>'","3"
"'\\b(St|Ave)\\b'","3"
"'\\n\\s*$'","3"
"'\\n\\s*//'","3"
"'\\r?\\n(?P<spaces>[ ]*)(?P<fence>@{2,})[[ ]*(?P<syntax>[a-zA-Z0-9_+-]+)[ ]*(?P<linenos>[a-zA-Z]*)[ ]*\\r?\\n(?P<code>.*?)(?P=fence)[ ]*\\r?\\n?$'","3"
"'\\r\\n|\\r|\\n'","3"
"'\\s*([^\\s]+)\\s+(.+)'","3"
"'\\s*,\\s'","3"
"'\\s*=\\s*'","3"
"'\\s+ (\\w+) \\[ \\s* \\]'","3"
"'\\s|,'","3"
"'\\{([^\\}]*)\\}'","3"
"'\n        (\n            (?:"".*?"")|          # double quotes\n            (?:\'.*?\')|          # single quotes\n            (?:[^\'"",\\#].*?)       # unquoted\n        )\n        \\s*,\\s*                 # comma\n        '","3"
"'\n        \\$(?:\n          (?P<escaped>\\$)              |   # Two $ signs\n          (?P<named>[_a-z][_a-z0-9]*)  |   # $name format\n          {(?P<braced>[^}]*)}              # ${name} format\n        )\n        '","3"
"'\n$'","3"
"'\n(?P<ret>(-|\\w|\\&|\\*)+\\s*)  # return type\n\\s+                   # skip whitespace\n(?P<func>\\w+)\\s*[(]   # match the function name until the opening (\n(?P<args>.*?)[)]     # group the function arguments\n'","3"
"'^ # line start\n        (\\s*)                   # indentation\n        (                       # keyword\n            (?:"".*?"")|          # double quotes\n            (?:\'.*?\')|          # single quotes\n            (?:[^\'""=].*?)       # no quotes\n        )\n        \\s*=\\s*                 # divider\n        (.*)                    # value (including list values and comments)\n        $   # line end\n        '","3"
"'^""""""(.*?)""""""\\s*(#.*)?$'","3"
"'^""(.*)""\\s*$'","3"
"'^(.*)(\\stime\\selapsed:\\s*)(.*)\\s*$'","3"
"'^(.*?)""""""\\s*(#.*)?$'","3"
"'^(?:http(?:s)?:/)?/'","3"
"'^([:,;#%.\\sa-zA-Z0-9!]|\\w-\\w|\'[\\s\\w]+\'|""[\\s\\w]+""|\\([\\d,\\s]+\\))*$'","3"
"'^([A-Z])([A-Z])'","3"
"'^([\\w\\-:]*)'","3"
"'^(\\s*)'","3"
"'^(\\s*<[^>]+>\\s*)'","3"
"'^(\\s*[-\\w]+\\s*:\\s*[^:;]*(;|$))*$'","3"
"'^(\\w+://)?(.*)'","3"
"'^(typedef|struct|enum)(\\s|.|\\n)*?;\\s*'","3"
"'^--+$'","3"
"'^-{1,2}'","3"
"'^/\\d{1,2}/items/.+_djvu.xml$'","3"
"'^0$'","3"
"'^Author: (.*) Date: (.*) \\w+$'","3"
"'^Folder: (\\w*)  \\(working dir: (.*)\\)$'","3"
"'^History for: (.*)$'","3"
"'^[ -~]{0,200}[!-~]$'","3"
"'^[#].*?$'","3"
"'^[\r\n]*(\\s*)'","3"
"'^[a-zA-Z_][a-zA-Z0-9_]*$'","3"
"'^[a-zA-Z_][a-zA-Z_0-9]*$'","3"
"'^\\+--'","3"
"'^\\.'","3"
"'^\\[([^\\]]+)\\]'","3"
"'^\\\\(input|include)\\{(.*)\\}'","3"
"'^\\\\usepackage(\\[.*\\])?\\{(\\w+)\\}'","3"
"'^\\d+\\.\\d+$'","3"
"'^\\d+\\.\\d+\\.\\d+\\.\\d+$'","3"
"'^\\s*#.*'","3"
"'^\\s*(?P<key>\\w+)\\s*=\\s*(?P<value>.*)'","3"
"'^\\s*(extern)\\s+\\""C\\""\\s+{'","3"
"'^\\s+<spontaneous>\\s*$|^.*\\((\\d+)\\)$'","3"
"'^\\t*'","3"
"'^\n        (?:\n            (?:\n                (\n                    (?:\n                        (?:\n                            (?:"".*?"")|              # double quotes\n                            (?:\'.*?\')|              # single quotes\n                            (?:[^\'"",\\#][^,\\#]*?)    # unquoted\n                        )\n                        \\s*,\\s*                     # comma\n                    )*      # match all list items ending in a comma (if any)\n                )\n                (\n                    (?:"".*?"")|                      # double quotes\n                    (?:\'.*?\')|                      # single quotes\n                    (?:[^\'"",\\#\\s][^,]*?)|           # unquoted\n                    (?:(?<!,))                      # Empty value\n                )?          # last item in a list - or string value\n            )|\n            (,)             # alternatively a single comma - empty list\n        )\n        \\s*(\\#.*)?          # optional comment\n        $'","3"
"'^\n        (\\s*)                     # 1: indentation\n        ((?:\\[\\s*)+)              # 2: section marker open\n        (                         # 3: section name open\n            (?:""\\s*\\S.*?\\s*"")|    # at least one non-space with double quotes\n            (?:\'\\s*\\S.*?\\s*\')|    # at least one non-space with single quotes\n            (?:[^\'""\\s].*?)        # at least one non-space unquoted\n        )                         # section name close\n        ((?:\\s*\\])+)              # 4: section marker close\n        \\s*(\\#.*)?                # 5: optional comment\n        $'","3"
"'^\n        (\n            (?:"".*?"")|          # double quotes\n            (?:\'.*?\')|          # single quotes\n            (?:[^\'""\\#].*?)|     # unquoted\n            (?:)                # Empty value\n        )\n        \\s*(\\#.*)?              # optional comment\n        $'","3"
"'^\n'","3"
"'^_(?=.)'","3"
"'^bzr\\s*branch\\s*-r\\s*(\\d*)'","3"
"'^db\\.'","3"
"'^depotFile'","3"
"'^driver\\.'","3"
"'^git\\s*checkout\\s*-q\\s*(.*)\\s*'","3"
"'^hg\\s*update\\s*-r\\s*(.*)\\s*'","3"
"'^http|^ftp'","3"
"'^s3://([^/]+)/?(.*)'","3"
"'^s3fs://([^/]*)/?(.*)'","3"
"'^settings$'","3"
"'^~~~(?P<format>\\w*)\\r?\\n(?P<txt>.*?)^~~~$'","3"
"'else[ \\f\\t]+if'","3"
"'enum\\s*{([^}]*)}\\s*([A-Z][A-Za-z]*)(\\s|;)'","3"
"'git\\s*remote\\s*add\\s*origin(.*)\\s*-f'","3"
"'hg\\s*pull\\s*(.*)\\s*'","3"
"'http://(?:www.)?openaustralia.org/[^\\s[\\]]+'","3"
"'list\\.php\\?.*""'","3"
"'ns\\d+$'","3"
"'password: ""(.*?)""'","3"
"'r(\\d{4,5})'","3"
"'rc[0-9_]{1,3}$'","3"
"'tick:\\s+(\\d+)'","3"
"'tmux (\\d+).(\\d+)'","3"
"'url\\s*\\(\\s*[^\\s)]+?\\s*\\)\\s*'","3"
"'{'","3"
"'}'","3"
"loadable.coord","3"
"u'[^\t\n\r -~\x85\xa0-\ud7ff\ue000-\ufffd]'","3"
"u'[^a-zA-Z0-9]+'","3"
"u'^(?: ~\n                    |null|Null|NULL\n                    | )$'","3"
"u'^(?:!|&|\\*)$'","3"
"u'^(?:<<)$'","3"
"u'^(?:=)$'","3"
"u'^(?:[-+]?0b[0-1_]+\n                    |[-+]?0[0-7_]+\n                    |[-+]?(?:0|[1-9][0-9_]*)\n                    |[-+]?0x[0-9a-fA-F_]+\n                    |[-+]?[1-9][0-9_]*(?::[0-5]?[0-9])+)$'","3"
"u'^(?:[0-9][0-9][0-9][0-9]-[0-9][0-9]-[0-9][0-9]\n                    |[0-9][0-9][0-9][0-9] -[0-9][0-9]? -[0-9][0-9]?\n                     (?:[Tt]|[ \\t]+)[0-9][0-9]?\n                     :[0-9][0-9] :[0-9][0-9] (?:\\.[0-9]*)?\n                     (?:[ \\t]*(?:Z|[-+][0-9][0-9]?(?::[0-9][0-9])?))?)$'","3"
"u'^(?:yes|Yes|YES|no|No|NO\n                    |true|True|TRUE|false|False|FALSE\n                    |on|On|ON|off|Off|OFF)$'","3"
"u'^(?P<year>[0-9][0-9][0-9][0-9])\n                -(?P<month>[0-9][0-9]?)\n                -(?P<day>[0-9][0-9]?)\n                (?:(?:[Tt]|[ \\t]+)\n                (?P<hour>[0-9][0-9]?)\n                :(?P<minute>[0-9][0-9])\n                :(?P<second>[0-9][0-9])\n                (?:\\.(?P<fraction>[0-9]*))?\n                (?:[ \\t]*(?P<tz>Z|(?P<tz_sign>[-+])(?P<tz_hour>[0-9][0-9]?)\n                (?::(?P<tz_minute>[0-9][0-9]))?))?)?$'","3"
"""((?<=\\()[A-Za-z][A-Za-z0-9\\+\\.\\-]*:([A-Za-z0-9\\.\\-_~:/\\?#\\[\\]@!\\$&'\\(\\)\\*\\+,;=]|%[A-Fa-f0-9]{2})+(?=\\)))|([A-Za-z][A-Za-z0-9\\+\\.\\-]*:([A-Za-z0-9\\.\\-_~:/\\?#\\[\\]@!\\$&'\\(\\)\\*\\+,;=]|%[A-Fa-f0-9]{2})+)|\\bmailto:\\S*[^\\s\\W]|\\b\\S+@\\S+\\.\\S*[^\\s\\W]|((?<=\\()(www|ftp)\\.([A-Za-z0-9\\.\\-_~:/\\?#\\[\\]@!\\$&'\\(\\)\\*\\+,;=]|%[A-Fa-f0-9]{2})+(?=\\)))|((www|ftp)\\.([A-Za-z0-9\\.\\-_~:/\\?#\\[\\]@!\\$&'\\(\\)\\*\\+,;=]|%[A-Fa-f0-9]{2})+\\.([A-Za-z0-9\\.\\-_~:/\\?#\\[\\]@!\\$&'\\(\\)\\*\\+,;=]|%[A-Fa-f0-9]{2})+)""","2"
"""(\n                            (\\b[A-Z\\d]*        # Group 2: Any amount of caps and digits\n                            [A-Z]\\d*[A-Z]      # A cap string much at least include two caps (but they can have digits between them)\n                            [A-Z\\d']*\\b)       # Any amount of caps and digits or dumb apostsrophes\n                            | (\\b[A-Z]+\\.\\s?   # OR: Group 3: Some caps, followed by a '.' and an optional space\n                            (?:[A-Z]+\\.\\s?)+)  # Followed by the same thing at least once more\n                            (?:\\s|\\b|$))\n                            ""","2"
"""I couldn't open style file""","2"
"""Warning--I didn't find a database entry""","2"
"""[a-z']+""","2"
"""\\'""","2"
"""^# Your branch is (ahead of|behind) '(.*)' by (\\d+) commit""","2"
"""^'/*(?P<path>[a-zA-Z0-9][a-zA-Z0-9@._-]*(/[a-zA-Z0-9][a-zA-Z0-9@._-]*)*)'$""","2"
"""download_url:'([^']+)'""","2"
"' *\n'","2"
"' -[VGB] '","2"
"' \\((.*?)\\) '","2"
"'""([^""]*)""'","2"
"'""(mms://[^""]+)""'","2"
"'""http.*""'","2"
"'""|\\\\'","2"
"'%'","2"
"'%([0-9A-Fa-f]{2})'","2"
"'%20'","2"
"'%2Cn%3A(\\d+)'","2"
"'& (?:\n                                          \\#(\\d+)\n                                          | \\#x([\\da-f]+)\n                                          | ( (?!\\d) [:\\w] [-.:\\w]+ )\n                                          ) ;'","2"
"'&gt;&gt;([0-9]+)'","2"
"'&lt;b&gt;(.*)&lt;/b&gt;'","2"
"'&lt;i&gt;(.*)&lt;/i&gt;'","2"
"'&lt;pre&gt;(.*)&lt;/pre&gt;'","2"
"'&lt;strike&gt;(.*)&lt;/strike&gt;'","2"
"'&lt;u&gt;(.*)&lt;/u&gt;'","2"
"'( {1,100})'","2"
"'((?:<(?:[-\\w]+:)?[-\\w]+(?:\\s+(?:[-\\w]+:)?[-\\w]+="".*?"")*\\s*/?>)|(?:</(?:[-\\w]+:)?[-\\w]+\\s*>))'","2"
"'((?:</?(?:a|em|span|strong|i|b)[^>]*>)|[^<>\\s]) # must be proceeded by an approved inline opening or closing tag or a nontag/nonspace\n                                   \\s+                                             # the space to replace\n                                   ([^<>\\s]+                                       # must be flollowed by non-tag non-space characters\n                                   \\s*                                             # optional white space! \n                                   (</(a|em|span|strong|i|b)>\\s*)*                 # optional closing inline tags with optional white space after each\n                                   ((</(p|h[1-6]|li|dt|dd)>)|$))                   # end with a closing p, h1-6, li or the end of the string\n                                   '","2"
"'((^| )+http://[^ ]+)'","2"
"'((^|\\n)[^%]*?)\\\\usepackage(\\[[\\w, \\-]+\\])?\\{([\\w,\\-]+)\\}'","2"
"'(.*)#(.*)'","2"
"'(.*)\\.php$'","2"
"'(.*)_(.*)'","2"
"'(.*<raw>)(.*)(</raw>.*)'","2"
"'(.+) -- (.+)'","2"
"'(.+)(?:(?<!<br>)|(?<!<br />))\\n(?![#*\\s|])'","2"
"'(.+)\\1'","2"
"'(.+?)(\\(.*\\))'","2"
"'(6|7)\\d{6}'","2"
"'(?:e7-)?(.*?)[^A-Za-z0-9] *-? *[Ss]? *([0-9][0-9])[Eex]([0-9]+).*\\.([^.]+)$'","2"
"'(?:http://)?(?:[a-z0-9]+\\.)?photobucket\\.com/.*[\\?\\&]current=(.*\\.flv)'","2"
"'(?:http://)?(?:[a-z]+\\.)?video\\.yahoo\\.com/(?:watch|network)/([0-9]+)(?:/|\\?v=)([0-9]+)(?:[#\\?].*)?'","2"
"'(?:http://)?(?:\\w+\\.)?youtube.com/(?:(?:view_play_list|my_playlists)\\?.*?p=|user/.*?/user/)([^&]+).*'","2"
"'(?:http://)?(?:\\w+\\.)?youtube.com/user/(.*)'","2"
"'(?:http://)?(?:www\\.)?metacafe\\.com/watch/([^/]+)/([^/]+)/.*'","2"
"'(?:http://)?video\\.google\\.(?:com(?:\\.au)?|co\\.(?:uk|jp|kr|cr)|ca|de|es|fr|it|nl|pl)/videoplay\\?docid=([^\\&]+).*'","2"
"'(?:https?://)?([^/]*)/.*'","2"
"'(?<!\\\\)\\$(?:([a-zA-Z_][a-zA-Z0-9_]*)|\\{([a-zA-Z_][a-zA-Z0-9_]*)\\})'","2"
"'(?<!\\w|\\<|/|:)/[^\\s/]([^/]*[^\\s/])?/(?!\\w|/|:)|(?<!\\w)_[^\\s_]([^_]*[^\\s_])?_(?!\\w)'","2"
"'(?P<option>[^:=\\s][^:=]*)\\s*(?P<vi>[:=])\\s*(?P<value>.*)$'","2"
"'(?P<pad>[=]*)$'","2"
"'(?P<signal>[+-]?)(?P<relative>[\\d]?)(?P<weekday>[\\w]{2})$'","2"
"'(?P<source_filename>.+)_(?P<x>\\d+)x(?P<y>\\d+)(?:_(?P<options>\\w+))?_q(?P<quality>\\d+).jpg$'","2"
"'(?P<tag>\\#\\w+)'","2"
"'(?P<title>.*)\\((?P<desc>disc (?P<number>\\d+).*)\\)'","2"
"'(?P<username>@\\w+)'","2"
"'(?i)%2F'","2"
"'(?i)<form[^>]* name=""loginForm""'","2"
"'(?i)^(\\d+(?:\\.\\d+)?)([kMGTPEZY]?)$'","2"
"'(?i)videoUrl\\\\x3d(.+?)\\\\x26'","2"
"'(?im)<title>(.*) - Video</title>'","2"
"'(?m)&mediaURL=([^&]+)'","2"
"'(?ms)By:\\s*<a .*?>(.+?)<'","2"
"'(?mxs)PlotKit.PlotKit.SUBMODULES\\s*=\\s*\\[([^\\]]+)'","2"
"'(?mxs)PlotKit.PlotKit.VERSION\\s*=\\s*[\'""]([^\'""]+)'","2"
"'(?u)&(.+?);'","2"
"'([&<""\\\'>])'","2"
"'([0-9.]+)(\\S*)$'","2"
"'([0-9.]+in)?>\\s+'","2"
"'([0-9a-z]+)(.*)'","2"
"'([A-Z]+[a-z]+([A-Z]+[a-z]+)+)'","2"
"'([\\""\']{3})(.*?)(\\1)'","2"
"'([\r]?\n)+[ \t]{1}'","2"
"'([^ ]+)%([^ ]*)@([^ ]+):([^ ]+)'","2"
"'([^%]|^)\\\\makeindex(\\[([\\w]+)\\])?'","2"
"'([^/]+)_(meta|marc)\\.(mrc|xml)'","2"
"'([^:]*):(\\d+): (Emergency stop)'","2"
"'([^:]*):(\\d+): LaTeX Error:(.*)'","2"
"'([^A-Za-z0-9\\._-])'","2"
"'([^\\\\]|^)""'","2"
"'([^a-z0-9\\.-])'","2"
"'([`$\\\\""])'","2"
"'([aeiouy])y'","2"
"'([{}\\[\\]])'","2"
"'(\\$\\{|\\})'","2"
"'(\\S+)\\s*(.*)'","2"
"'(\\d+)'","2"
"'(\\d+)x(\\d+)$'","2"
"'(\\d+|[^\\W\\d_]+)'","2"
"'(\\d\\.)+\\d?'","2"
"'(\\d{4})\\-(\\d\\d)\\-(\\d\\d) (.*) (<|\\()'","2"
"'(\\w+)(?:\\s+(\\S+))?'","2"
"'(\\w\\w):(\\w\\w):(\\w\\w):(\\w\\w):(\\w\\w):(\\w\\w)'","2"
"'(\\w{3} .* \\d{4}) (.*) (<|\\()'","2"
"'(\\{\\{\\{|\\}\\}\\})'","2"
"'(_controller|_test|_controller_test)?\\.(rb|yml)$'","2"
"'(and|\\&|\\/)'","2"
"'(https?://)?([^/]+)/?(.*)'","2"
"'(libace|libkokyu|libtao)(.*)(\\d+\\.\\d+\\.\\d+)(.*)'","2"
"'(not recognized|No such file|not found)'","2"
"', in ([A-Za-z]+)'","2"
"', line\\s(\\d+),'","2"
"',n:(4|28)(?:&page=\\d+)?$'","2"
"'-(?=-)'","2"
"'-----'","2"
"'-\\.'","2"
"'-k *([^ =]+)(?:=(\\d+))?'","2"
"'.'","2"
"'.*<timeline>(.*)</timeline>.*'","2"
"'.*?(?:(private|protected) +)?function +(\\w+)(\\(.*\\)) *\\{$'","2"
"'.*?,'","2"
"'.*?\nRevision: (\\d+)'","2"
"'.*?application: ([\\w\\-]+)'","2"
"'.*[^aeiouy][aeiouy][^aeiouywxY]$'","2"
"'.*\\.$'","2"
"'.*\\.jpg'","2"
"'.*\\{\\s*(.*?)\\s*\\}'","2"
"'.*class +(\\w+)(?: +extends +(\\w+))? *\\{$'","2"
"'.*django_dzenlog'","2"
"'.*pdfTeX warning.*'","2"
"'.+\\s+""([^\\s]+)\\s+([^\\s]+)\\s+HTTP/\\d+\\.\\d+""\\s+200\\s+.*'","2"
"'.aux$'","2"
"'//.*?$'","2"
"'/\\.svn'","2"
"'/art/'","2"
"'/dp/([^/]*)'","2"
"'/gallery/'","2"
"'/groups/'","2"
"'/groups/([^/]*)/'","2"
"'/image/'","2"
"'/photos/'","2"
"'/photos/([^/]*)'","2"
"'/view/'","2"
"'12\\d{2}'","2"
"':([A-Za-z0-9_-]+)!'","2"
"':[0-9A-F]{10,}'","2"
"':\\d\\d '","2"
"'; charset=(.+)\r\n'","2"
"'<(.*)>'","2"
"'<(.+)>'","2"
"'<([^>]+)>'","2"
"'</?(i|em|br)>'","2"
"'</div>\n</body>\n</html>[ \n]*$'","2"
"'<STREAM APP=""(http://.*)"" FULLPATH=""/?(/.*\\.flv\\?[^""]*)""'","2"
"'<[^>]*>'","2"
"'<a(.*)(href\\=""(.*)(""))>(.*?)<\\/a>'","2"
"'<a\\s*href=""(.*)""\\s*>(.*)</a>'","2"
"'<div class=""editiondate""><h1>([^<>]+)</h1></div>'","2"
"'<field>(.+?)</field>'","2"
"'<font(.*)size=-1><a(.*)>(.*)<\\/a>'","2"
"'<font.*size=-1><a.*>(.*)<\\/a>'","2"
"'<h2 class=""ti-5""><a href=""http://video\\.yahoo\\.com/(people|profile)/[0-9]+"" beacon="".*"">(.*)</a></h2>'","2"
"'<img class=thumbnail-img (?:.* )?src=(http.*)>'","2"
"'<li>(.*?)</li>'","2"
"'<link rel=""image_src"" href=""(.*)"" />'","2"
"'<link rel=""video_src"" href="".*\\?file=([^""]+)"" />'","2"
"'<meta name=""description"" content=""(.*)"" />'","2"
"'<meta name=""description"" content=""(.*)""(?:\\s*/)?>'","2"
"'<meta name=""title"" content=""(.*)"" />'","2"
"'<meta name=""video_height"" content=""([0-9]+)"" />'","2"
"'<meta name=""video_width"" content=""([0-9]+)"" />'","2"
"'<option[^>]*value=""(.*?)"">(.*?)</option>'","2"
"'<span class=""etxblanc14"">([^<>]+)</span>'","2"
"'<span class=""etxtblanc10"">([^<>]+)</span>'","2"
"'<span id=short-desc-content>([^<]*)</span>'","2"
"'<timezoneId>([^<]*)</timezoneId>'","2"
"'<title>(.*) video by (.*) - Photobucket</title>'","2"
"'<title>Amazon.com: (.*?)(:?, Page \\d+)?</title>'","2"
"'='","2"
"'@requires (.*)\n'","2"
"'AB((\\[..\\])+)'","2"
"'BRIDGE=([a-zA-Z0-9]+)'","2"
"'DEVICE=([a-zA-Z0-9\\.]+)'","2"
"'DRIVER={([^}]+)}'","2"
"'DT\\[[^]]*\\]'","2"
"'Database'","2"
"'Description'","2"
"'Duration: ([0-9.]*)'","2"
"'EV\\[[^]]*\\]'","2"
"'Example::\\n(.*?)__END__(?ms)'","2"
"'File ""(.+)"",'","2"
"'HA\\[([1-9])\\]'","2"
"'I found no \\\\\\w+ command'","2"
"'ID (.*)'","2"
"'ISBN'","2"
"'LaTeX Font Warning:.*'","2"
"'LaTeX Warning:.*?input line (\\d+)(\\.|$)'","2"
"'NodeId: (\\d+),'","2"
"'OpenLayers.Class\\((.*?){'","2"
"'Overfull.*wide'","2"
"'PB\\[[^]]*\\]'","2"
"'PHPSESSID\\=[a-z0-9]*'","2"
"'PLAYER_\\w+_CODE'","2"
"'PW\\[[^]]*\\]'","2"
"'Personalized for (.*) \\((Boy|Girl)\\)'","2"
"'PktId: ([0-9.]*),'","2"
"'RE\\[([^]]*)\\]'","2"
"'RT\\s+(?P<username>@\\w+)'","2"
"'SO\\[[^]]*\\]'","2"
"'SZ\\[([^]]*)\\]'","2"
"'ShortPreamble: ([0-9.]*)'","2"
"'Showing (?:[\\d,]+ - [\\d,]+ of )?([\\d,]+) Result'","2"
"'Stack trace:(.|\\n)*?\\n\\n'","2"
"'TYPE=Bridge'","2"
"'The style'","2"
"'This is (pdfTeXk|latex2e|latex|XeTeXk)'","2"
"'This is makeindex'","2"
"'Time: ([0-9.]*)'","2"
"'Transcript written on (.*)\\.$'","2"
"'URL (.*)'","2"
"'Underfull.*badness'","2"
"'Vector<(.+)>'","2"
"'[ .!]+'","2"
"'[""&<>]|[^\\x00-\\x7f]'","2"
"'[+:\\-\\s]'","2"
"'[, _]+'","2"
"'[,;:].'","2"
"'[,;]'","2"
"'[,\\n\\r\\t;()]'","2"
"'[-+]?[0-9]*\\.?[0-9]+'","2"
"'[-.0-9]+,[-.0-9z]+'","2"
"'[-/]19[789][0-9]'","2"
"'[-/]20[0-9]'","2"
"'[.]lhs:(\\d+):(\\d+):'","2"
"'[/]'","2"
"'[/|?*<>:+\\[\\]""\\\\]'","2"
"'[0-9a-z]$'","2"
"'[A-Z][a-z]+'","2"
"'[A-Z]\\w+'","2"
"'[A-Za-z ]+ (\\d\\d\\d\\d)$'","2"
"'[A-Za-z]+'","2"
"'[Ee]rror'","2"
"'[NSEW]\\d*'","2"
"'[\\W\\-]+'","2"
"'[\\[\\]]'","2"
"'[\\r\\n]+'","2"
"'[\\s\\{\\}\\[\\]\\(\\)]'","2"
"'[\\w-]+'","2"
"'[\\w\\d-]*'","2"
"'[\n\r\t\x0b\x0c]'","2"
"'[\t]'","2"
"'[\x00-\x08\n-\x1f\x7f"",:;]'","2"
"'[\x00-\x08\n-\x1f\x7f""]'","2"
"'[\x80-\xff /&]'","2"
"'[^ \\t]'","2"
"'[^(href="")](http|https|ftp)(:\\/\\/[^\\s]*)'","2"
"'[^0-9A-F]'","2"
"'[^A-Za-z0-9]?(?:file|source)=(http[^\\\'""&]*)'","2"
"'[^[:alphanum:] ]'","2"
"'[^\\.-z]'","2"
"'[^\\w ]'","2"
"'[^\\w.-]'","2"
"'[^a-zA-Z0-9_:-]'","2"
"'[^aeiouy]*[aeiouy]+[^aeiouy](\\w*)'","2"
"'[a-zA-Z_][a-zA-Z0-9_]*'","2"
"'[a-z]'","2"
"'[aeiouy].'","2"
"'\\!.*'","2"
"'\\$(\\d+)'","2"
"'\\$\\(([^)]+)\\)'","2"
"'\\$\\{([A-Za-z_0-9]+)\\}'","2"
"'\\$\\{([^\\d}][^}:]*)(?::([^}]*))?\\}'","2"
"'\\$\\{([^}]+)\\}'","2"
"'\\$\\{\\D'","2"
"'\\$cmd'","2"
"'\\$str\\{([A-Za-z_0-9]+)\\}'","2"
"'\\${.*}'","2"
"'\\&'","2"
"'\\(""id"", ""([0-9]+)""\\);'","2"
"'\\(""vid"", ""([0-9]+)""\\);'","2"
"'\\((.*), (CD.*)\\)'","2"
"'\\((\\w+) - ([\\w]+)'","2"
"'\\(.*\\)'","2"
"'\\(\\?(\\d+):'","2"
"'\\(disc'","2"
"'\\*\\s([\\w\\./\\-_]*):?'","2"
"'\\,'","2"
"'\\-+$'","2"
"'\\.#?'","2"
"'\\.'","2"
"'\\.(mak|mdp|ide|exe|ico|gz|zip|xls|sxd|gif|vcp|vcproj|vcw|sln|dfm|jpg|png|vsd|bz2|pdf|ppt|graffle|pptx|odt)$'","2"
"'\\.\\W*$'","2"
"'\\.\\d+\\D'","2"
"'\\.\\d\\d\\dZ'","2"
"'\\.chm'","2"
"'\\.pdf'","2"
"'\\.url'","2"
"'\\/app\\/views\\/'","2"
"'\\?'","2"
"'\\?page='","2"
"'\\A[\\x00-\\x7f]*\\Z'","2"
"'\\S+'","2"
"'\\S+| +|\\n'","2"
"'\\[(\\w+)\\]'","2"
"'\\[image:([^\\Z]+?)\\]'","2"
"'\\[sound:([^\\Z]+?)\\]'","2"
"'\\\\([UL].*?)\\\\E'","2"
"'\\\\([ul].)'","2"
"'\\\\(\\d+)'","2"
"'\\\\(title|section|tabbed|sentence|paragraph|definition|subsection|verbatim|code|pythoncode)(\\[[^]]*\\])?({[^}]*})?'","2"
"'\\\\x0([0-7])(?=[^0-7]|$)'","2"
"'\\^[0-9a-z]'","2"
"'\\b(http|ftp|https)://\\S+(\\b|/)|\\b[-.\\w]+@[-.\\w]+'","2"
"'\\d*ubuntu\\d*'","2"
"'\\d+\\.\\d+'","2"
"'\\d+\\.\\d+\\.\\d+\\.\\d+'","2"
"'\\d{2,}[- ]*(\\.+)$'","2"
"'\\r?\\n'","2"
"'\\r\\n'","2"
"'\\s(module|primitive|macromodule)\\s+([a-zA-Z_][a-zA-Z_$0-9]*)'","2"
"'\\s*# SOURCE LINE (\\d+)'","2"
"'\\s*'","2"
"'\\s*(.*?) latest blog posts'","2"
"'\\s*([^,;]+?)\\s*[,;]'","2"
"'\\s*([^;]*?;)'","2"
"'\\s*\\S+'","2"
"'\\s*\\[?\\s*\\d{2}:\\d{2}(:\\d{2})?\\s*\\]?\\s*'","2"
"'\\s+$'","2"
"'\\s+-\\s+'","2"
"'\\s{2,}'","2"
"'\\w'","2"
"'\\{[^\\}]+\\}'","2"
"'\\{\\{.*?\\}\\}'","2"
"'\n    (?:\\ \\[([A-Za-z, ]+)\\])? # flags\n    (?:\\(\\ ([^()]+|[^()]*\\(.*\\)[^()]*)\\))?\n    '","2"
"'\n(\\d+) \nbook(?:s)? \ncites? this book:'","2"
"'\n+'","2"
"'\n?TEST-SUMMARY: (\\d+)\\/(\\d+)(\nLINES-CALLED: ([\\d,]+))?\n?'","2"
"'\nThis book cites (\\d+) \nbook(?:s)?:'","2"
"'\n\n(~  )?\\(([A-Za-z, ]+)\\), '","2"
"'\t'","2"
"'\x01?\x1b\\[(.*?)m\x02?'","2"
"'^ #([0-9,]+) in Books'","2"
"'^ ==> Fatal error occurred'","2"
"'^ \\(([^)]+)\\)'","2"
"'^""(.*?)""$'","2"
"'^""Output is'","2"
"'^""Record size'","2"
"'^# Changed but not updated:$'","2"
"'^# Changes to be committed:$'","2"
"'^# Unmerged paths:$'","2"
"'^# Untracked files:$'","2"
"'^# and have (\\d+) and (\\d+) different'","2"
"'^#(.+):(.+)'","2"
"'^&gt;(.*)$'","2"
"'^(#[\\da-fA-F]{6})$'","2"
"'^((?:[a-z][0-9])|(?:[a-z][0-9][0-9])|(?:[a-z][0-9][a-z])|(?:[a-z][a-z][0-9])|(?:[a-z][a-z][0-9][0-9])|(?:[a-z][a-z][0-9][a-z])) *([0-9][a-z][a-z])?$'","2"
"'^((?:[a-z][0-9])|(?:[a-z][0-9][0-9])|(?:[a-z][0-9][a-z])|(?:[a-z][a-z][0-9])|(?:[a-z][a-z][0-9][0-9])|(?:[a-z][a-z][0-9][a-z]))$'","2"
"'^((?:http://)?(?:\\w+\\.)?youtube\\.com/(?:(?:v/)|(?:(?:watch(?:\\.php)?)?[\\?#](?:.+&)?v=)))?([0-9A-Za-z_-]+)(?(1).+)?$'","2"
"'^(.*) \\((.*\\d{4})\\)$'","2"
"'^(.*); (.*)$'","2"
"'^(.*?) (.*?) (.*?) \\[(.*?)\\] \\""(.*?)\\"" (.*?) (.*?) \\""(.*?)\\"" \\""(.*?)\\""$'","2"
"'^(.*?)( \\(disc (\\d+)(: (.*))?\\))?$'","2"
"'^(.+) \\([^)]+?\\)$'","2"
"'^(<?[^>]+?>\\s?)(<\\w+) xmlns=[\'""](http://[^\'""]+)[\'""](.*)'","2"
"'^(<\\?xml version=[^\\n]*?\\n)'","2"
"'^(?!http:\\/\\/*)'","2"
"'^(?!javascript*)'","2"
"'^(?:(\\d+)|(\\d+)-|-(\\d+)|(\\d+)-(\\d+))$'","2"
"'^(?P<_1>[^|]*)\\|(?P<_2>[^|]*)(\\|(?P<_3>[^|]*))?$'","2"
"'^(?P<proto>inet):(?P<host>[^:]+)(:(?P<port>[0-9]+))?$'","2"
"'^(?P<proto>unix):(?P<path>.*)$'","2"
"'^(?P<type>.*):(?P<msg>.*) in (?P<file>.+) on line (?P<line>\\d+)$'","2"
"'^(?P<year>\\d{4})-(?P<month>\\d{2})-(?P<day>\\d{2})T(?P<hour>\\d{2}):(?P<minute>\\d{2}):(?P<second>\\d{2}).\\d+Z$'","2"
"'^(Package|Depends|Suggests):'","2"
"'^([+-]?)([0-9]{1,2}):([0-9]{2})$'","2"
"'^([-a-zA-Z0-9._]*):([0-9]+)(\\.([0-9]+))?$'","2"
"'^([-a-zA-Z0-9_]+\\.)+(fr|eu|cc|com|org|net|info|name|be)$'","2"
"'^([A-Z0-9]{10}),(\\d+):(.*)$'","2"
"'^([^:]+): (.*)$'","2"
"'^([a-zA-Z-]+)\\s*:\\s*(.+)'","2"
"'^([a-zA-Z0-9_\\-]+\\.)+(fr|be|cc|com|org|net|info|name|eu)\\.?$'","2"
"'^([a-zA-Z0-9_\\-]+\\.)+(fr|be|eu|com|org|net|info|name)$'","2"
"'^([a-zA-Z0-9_\\-]+\\.)+(fr|cc|com|org|net|info|name|be|eu)$'","2"
"'^([a-zA-Z0-9_\\-]+\\.)+(fr|com|be|org|net|info|name)$'","2"
"'^([a-zA-Z0-9_\\-]+\\.)+(fr|com|org|net|info|name|be|eu)$'","2"
"'^([a-zA-Z_][a-zA-Z0-9_]*)\\s*=\\s*(.+)'","2"
"'^(\\-|)[0-9]+$'","2"
"'^(\\d+)(?:([yzafpnumcdhkKMGTPEZY])(i)?)?([Bb])?$'","2"
"'^(\\d+)\\) (\\w+): (.+)( \\(Bye: [\\?\\d]+\\))$'","2"
"'^(\\d+)_([a-z0-9_]+)\\.py$'","2"
"'^(\\w*?) (.*?) (.*?)$'","2"
"'^(\\w+)(?:\\s+(.*?))?:\\s*(#|$)'","2"
"'^(\\w+)\\s+\\((\\s*.+)\\s+(\\d{4}.*\\+\\d{4})\\s+(\\d+)\\)(.*)'","2"
"'^(\\w+)\\|'","2"
"'^(svn([+]ssh)?|http[s]?|file)://.*$'","2"
"'^-?\\d+$'","2"
"'^.*(default:\\s*|case.*:.*)$'","2"
"'^.*:'","2"
"'^.*=.*'","2"
"'^.*{'","2"
"'^.}'","2"
"'^/'","2"
"'^/.*/$'","2"
"'^/[-\\w/]*$'","2"
"'^/\\d+/items/([^/]+)'","2"
"'^/gp/blog/([A-Z0-9]+)$'","2"
"'^/languages/([a-z]{3})$'","2"
"'^/r/([^/]{2,})'","2"
"'^00000000.*'","2"
"'^<li>(?:This is item <b>(\\d+)</b> in|This item is part of) <a href=""?/gp/series/(\\d+).*?><b>The <i>(.+?)</i> Series</b></a>\\.</li>'","2"
"'^@@ -(\\d+)(,(\\d+))? \\+(\\d+)(,(\\d+))?'","2"
"'^@|\n'","2"
"'^Active:'","2"
"'^CRDI-(CONTROL|INC) %%LINES-BEGIN.*'","2"
"'^Document Class'","2"
"'^H.*'","2"
"'^H.{20}([\\s\\S]{16}).*'","2"
"'^HP([0-9]+)\\%$'","2"
"'^H[0-9a-zA-Z]'","2"
"'^Icon.{1}$'","2"
"'^Initialized empty Git repository in (.*)'","2"
"'^LINES-CALLED: ([\\d,]+)'","2"
"'^Latexmk'","2"
"'^Latexmk: All targets \\(.*?\\) are up-to-date'","2"
"'^List\\[(.*)\\]$'","2"
"'^MAG([0-9]+)$'","2"
"'^MP([0-9]+)$'","2"
"'^MacBS::FrameHandler -'","2"
"'^MacBS::HandlerUL -'","2"
"'^MacBS::sendUL_MAP - UL_MAP: '","2"
"'^MacSS::SPHandler -'","2"
"'^MacSS::SsWaitHandler -'","2"
"'^MacSS::ToHandler -'","2"
"'^MacSS::recvUL_MAP - UL_MAP: '","2"
"'^MacSS::send - Sending -'","2"
"'^Output written'","2"
"'^TEST-SUMMARY: (\\d+)/(\\d+)'","2"
"'^This is'","2"
"'^[0-9.]+$'","2"
"'^[0-9a-f]{40}\n$'","2"
"'^[0-9a-z]'","2"
"'^[A-Z] '","2"
"'^[A-Z]'","2"
"'^[\\$_A-Za-z][\\$_A-Za-z0-9]*$'","2"
"'^[^#]+[#$] '","2"
"'^[a-z0-9_$()+-/]+$'","2"
"'^[a-zA-Z0-9]+$'","2"
"'^[a-zA-Z][a-zA-Z0-9_.-]*(@[a-zA-Z][a-zA-Z0-9.-]*)?$'","2"
"'^[aeiouy][^aeiouy]$'","2"
"'^\\$([\\d,]+)\\.(\\d\\d)\\s*\\((\\d+)%\\)\\s*$'","2"
"'^\\$\\d+'","2"
"'^\\${VISUAL[:}/]'","2"
"'^\\${\\d+[:}]'","2"
"'^\\${\\d+\\/'","2"
"'^\\((.+)\\)$'","2"
"'^\\-+'","2"
"'^\\/'","2"
"'^\\S+@[a-zA-Z0-9._-]+\\.[a-zA-Z0-9._-]+$'","2"
"'^\\^JOB SAPRDI'","2"
"'^\\d+(\\D*)'","2"
"'^\\d+\\) \\w+: (.+)( \\(Bye: [\\?\\d]+\\))$'","2"
"'^\\d[a-zA-Z]+'","2"
"'^\\s'","2"
"'^\\s*#'","2"
"'^\\s*(\\d+)(?:\\.0)? pages\\s*$'","2"
"'^\\s*(\\d+)\\s+(\\d+)\\s+(\\d+)'","2"
"'^\\s*(\\w+) +VERSION ?:'","2"
"'^\n    (.+?(?:\\ \\(.+\\))?)\n    (?::\\ (\\ *[^:]+))?$\n'","2"
"'^`!p\\s'","2"
"'^`!v\\s'","2"
"'^cf://([^/]*)/?'","2"
"'^http://www\\.amazon\\.com/(?:(.*)/dp|gp/product)/(\\d{9}[\\dX]|B[A-Z0-9]+)$'","2"
"'^http[s]?://([^/]+)'","2"
"'^https://([^/]+)'","2"
"'^iozone test complete'","2"
"'^set\\s+([^\\=]+)\\s*\\=\\s*(.+)$'","2"
"'^the[^a-z]'","2"
"'^yt-(.*)$'","2"
"'^~(.*)\\((.*)\\)$'","2"
"'_\\d{2,3}'","2"
"'_\\d{2,3}_'","2"
"'``([^`\\s]+?)``'","2"
"'alloc_fabric_acl\\)\\('","2"
"'atm\\((d\\d+),(d\\d+\\_\\d+),(\\S+),(\\S+),(\\S+)\\)'","2"
"'bond\\((d\\d+),(d\\d+\\_\\d+),(d\\d+\\_\\d+),(\\d+)\\)'","2"
"'books = ""<strong>[\\d,]+</strong>""'","2"
"'boot=cd'","2"
"'boot=usb'","2"
"'close_session\\)\\('","2"
"'decode\\..+'","2"
"'fall_back_to_erl0\\)\\('","2"
"'flags'","2"
"'flashvars: [\\\'""](?:.*&)?file=(http[^\\\'""&]*)'","2"
"'get_cmd_state\\)\\('","2"
"'get_default_depth'","2"
"'get_fabric_name'","2"
"'get_fabric_proto_ident'","2"
"'get_fabric_sense_len\\)\\('","2"
"'get_pr_transport_id\\)\\('","2"
"'get_pr_transport_id_len\\)\\('","2"
"'get_tag'","2"
"'get_task_tag\\)\\('","2"
"'get_wwn'","2"
"'gvsearch(\\d+|all)?:[\\s\\S]+'","2"
"'hello'","2"
"'href=""([^""]+)""'","2"
"'http://cmd/(.*?)/(.*)'","2"
"'http://videojts.francetv.fr/player/script.php\\?pn=VideoPlayer&url=([^&]+)&'","2"
"'https?://(?:(?:[A-Z0-9-]+\\.)+[A-Z]{2,6}|\\d{1,3}\\.\\d{1,3}\\.\\d{1,3}\\.\\d{1,3})(?::\\d+)?(?:/\\S+|/?)'","2"
"'ifcfg-([a-z0-9]+)'","2"
"'importScripts\\([\\\'""]([^\\\'""]+)[\\\'""]\\)'","2"
"'in/pool-'","2"
"'in/pool-(.*)/'","2"
"'initrd.img'","2"
"'is_state_remove\\)\\('","2"
"'lesswrong|overcomingbias'","2"
"'line (\\d+) column (\\d+) - (\\w+): (.*)'","2"
"'module (.*) where'","2"
"'new_cmd_failure\\)\\('","2"
"'pack_lun\\)\\('","2"
"'parse_pr_out_transport_id\\)\\('","2"
"'player-([\\w-]+)-code'","2"
"'pt\\d{1,2}'","2"
"'quality=([1-9]\\d?|100)$'","2"
"'queue_data_in\\)\\('","2"
"'queue_status\\)\\('","2"
"'queue_tm_rsp\\)\\('","2"
"'release_cmd_to_pool'","2"
"'release_fabric_acl\\)\\('","2"
"'roll ([0-9]+)d([0-9]+)'","2"
"'s(?P<season>[0-9]+)(?P<episodes>(e[0-9]+)+)'","2"
"'sess_get_index\\)\\('","2"
"'sess_logged_in\\)\\('","2"
"'set_default_node_attributes\\)\\('","2"
"'set_fabric_sense_len\\)\\('","2"
"'setuptools'","2"
"'shutdown_session\\)\\('","2"
"'site(:|%3A)([a-z0-9\\.]+)'","2"
"'start: ([0-9.]*)'","2"
"'stop_session\\)\\('","2"
"'struct target_core_fabric_ops {'","2"
"'t*'","2"
"'tao'","2"
"'timeout=(\\d+)s'","2"
"'tpg_get_inst_index\\)\\('","2"
"'tt[0-9]*$'","2"
"'typedef\\s+struct\\s+player_\\w+[^}]+\\}[^;]+'","2"
"'ubuntu'","2"
"'urlphrases/'","2"
"'version\\s*=\\s*""([0-9.]+)""'","2"
"'vif[0-9]+\\.[0-9]+'","2"
"'wiki:([A-Za-z]+)'","2"
"'write_pending\\)\\('","2"
"'write_pending_status\\)\\('","2"
"'ytsearch(\\d+|all)?:[\\s\\S]+'","2"
"'yvsearch(\\d+|all)?:[\\s\\S]+'","2"
"'{.*}'","2"
"False","2"
"gm_json.IMAGE_FILENAME_PATTERN","2"
"opts.ignore_author","2"
"r.regex","2"
"token.search","2"
"u'&\\w+?;'","2"
"u'(?u)#(x?\\d+)'","2"
"u'(?u)%\\(.+?\\)s'","2"
"u'(?u)&(.+?);'","2"
"u'This is BibTeX'","2"
"u'[<>:""\\|\\?\\*]'","2"
"u'[\x00-\x08\x0b\x0c\x0e-\x1f\ud800-\udfff\ufffe\uffff]'","2"
"u'\\s+'","2"
"u'\n    \x00 | # NULL\n\n    # Bidi control characters\n    \u202a | # LRE\n    \u202b | # RLE\n    \u202c | # PDF\n    \u202d | # LRM\n    \u202e   # RLM\n    '","2"
"u'\u96e3\u6613\u5ea6\uff1a([0-9]+)'","2"
"u'^(?:[-+]?(?:[0-9][0-9_]*)\\.[0-9_]*(?:[eE][-+][0-9]+)?\n                    |\\.[0-9_]+(?:[eE][-+][0-9]+)?\n                    |[-+]?[0-9][0-9_]*(?::[0-5]?[0-9])+\\.[0-9_]*\n                    |[-+]?\\.(?:inf|Inf|INF)\n                    |\\.(?:nan|NaN|NAN))$'","2"
"u'^\xa0\\(([\\d,]+)\\)$'","2"
